id,user_id,project_id,role_id,status,message
1,128,39,3,rejected,프로젝트에 관심이 있어 지원합니다.
2,274,57,3,pending,프로젝트에 관심이 있어 지원합니다.
3,161,67,5,accepted,프로젝트에 관심이 있어 지원합니다.
4,108,13,1,rejected,프로젝트에 관심이 있어 지원합니다.
5,122,5,1,rejected,프로젝트에 관심이 있어 지원합니다.
6,283,28,3,accepted,프로젝트에 관심이 있어 지원합니다.
7,66,80,5,accepted,프로젝트에 관심이 있어 지원합니다.
8,84,52,4,accepted,프로젝트에 관심이 있어 지원합니다.
9,218,19,2,rejected,프로젝트에 관심이 있어 지원합니다.
10,191,73,1,rejected,프로젝트에 관심이 있어 지원합니다.
11,215,20,5,accepted,프로젝트에 관심이 있어 지원합니다.
12,127,10,1,accepted,프로젝트에 관심이 있어 지원합니다.
13,281,53,4,accepted,프로젝트에 관심이 있어 지원합니다.
14,140,19,2,rejected,프로젝트에 관심이 있어 지원합니다.
15,141,2,1,pending,프로젝트에 관심이 있어 지원합니다.
16,64,23,4,accepted,프로젝트에 관심이 있어 지원합니다.
17,251,13,3,rejected,프로젝트에 관심이 있어 지원합니다.
18,139,78,1,pending,프로젝트에 관심이 있어 지원합니다.
19,88,41,5,accepted,프로젝트에 관심이 있어 지원합니다.
20,245,76,1,pending,프로젝트에 관심이 있어 지원합니다.
21,263,20,3,rejected,프로젝트에 관심이 있어 지원합니다.
22,28,48,2,rejected,프로젝트에 관심이 있어 지원합니다.
23,215,59,4,rejected,프로젝트에 관심이 있어 지원합니다.
24,142,55,2,accepted,프로젝트에 관심이 있어 지원합니다.
25,157,12,1,accepted,프로젝트에 관심이 있어 지원합니다.
26,41,10,1,rejected,프로젝트에 관심이 있어 지원합니다.
27,85,74,5,accepted,프로젝트에 관심이 있어 지원합니다.
28,6,55,2,rejected,프로젝트에 관심이 있어 지원합니다.
29,246,64,1,rejected,프로젝트에 관심이 있어 지원합니다.
30,208,2,1,rejected,프로젝트에 관심이 있어 지원합니다.
31,218,69,1,rejected,프로젝트에 관심이 있어 지원합니다.
32,230,22,4,rejected,프로젝트에 관심이 있어 지원합니다.
33,116,23,1,accepted,프로젝트에 관심이 있어 지원합니다.
34,217,64,3,accepted,프로젝트에 관심이 있어 지원합니다.
35,58,44,1,accepted,프로젝트에 관심이 있어 지원합니다.
36,149,39,3,accepted,프로젝트에 관심이 있어 지원합니다.
37,110,1,4,pending,프로젝트에 관심이 있어 지원합니다.
38,264,5,4,rejected,프로젝트에 관심이 있어 지원합니다.
39,250,8,4,accepted,프로젝트에 관심이 있어 지원합니다.
40,55,1,3,accepted,프로젝트에 관심이 있어 지원합니다.
41,206,46,5,pending,프로젝트에 관심이 있어 지원합니다.
42,264,20,3,accepted,프로젝트에 관심이 있어 지원합니다.
43,4,20,3,rejected,프로젝트에 관심이 있어 지원합니다.
44,154,47,2,accepted,프로젝트에 관심이 있어 지원합니다.
45,275,35,2,rejected,프로젝트에 관심이 있어 지원합니다.
46,72,46,1,rejected,프로젝트에 관심이 있어 지원합니다.
47,184,26,4,pending,프로젝트에 관심이 있어 지원합니다.
48,170,5,1,pending,프로젝트에 관심이 있어 지원합니다.
49,246,35,2,accepted,프로젝트에 관심이 있어 지원합니다.
50,167,52,5,accepted,프로젝트에 관심이 있어 지원합니다.
51,68,15,2,pending,프로젝트에 관심이 있어 지원합니다.
52,257,2,1,rejected,프로젝트에 관심이 있어 지원합니다.
53,27,44,3,pending,프로젝트에 관심이 있어 지원합니다.
54,149,37,2,accepted,프로젝트에 관심이 있어 지원합니다.
55,127,80,1,pending,프로젝트에 관심이 있어 지원합니다.
56,135,32,2,accepted,프로젝트에 관심이 있어 지원합니다.
57,102,61,1,rejected,프로젝트에 관심이 있어 지원합니다.
58,97,76,2,rejected,프로젝트에 관심이 있어 지원합니다.
59,118,16,1,rejected,프로젝트에 관심이 있어 지원합니다.
60,219,3,1,accepted,프로젝트에 관심이 있어 지원합니다.
61,27,49,1,accepted,프로젝트에 관심이 있어 지원합니다.
62,114,44,1,accepted,프로젝트에 관심이 있어 지원합니다.
63,262,55,3,accepted,프로젝트에 관심이 있어 지원합니다.
64,180,54,1,pending,프로젝트에 관심이 있어 지원합니다.
65,94,6,3,accepted,프로젝트에 관심이 있어 지원합니다.
66,242,36,1,rejected,프로젝트에 관심이 있어 지원합니다.
67,221,24,1,accepted,프로젝트에 관심이 있어 지원합니다.
68,50,2,1,rejected,프로젝트에 관심이 있어 지원합니다.
69,170,47,4,rejected,프로젝트에 관심이 있어 지원합니다.
70,122,36,5,pending,프로젝트에 관심이 있어 지원합니다.
71,45,14,3,pending,프로젝트에 관심이 있어 지원합니다.
72,99,58,1,rejected,프로젝트에 관심이 있어 지원합니다.
73,280,80,1,rejected,프로젝트에 관심이 있어 지원합니다.
74,274,20,1,pending,프로젝트에 관심이 있어 지원합니다.
75,215,71,4,rejected,프로젝트에 관심이 있어 지원합니다.
76,188,58,1,rejected,프로젝트에 관심이 있어 지원합니다.
77,224,9,1,rejected,프로젝트에 관심이 있어 지원합니다.
78,86,77,2,accepted,프로젝트에 관심이 있어 지원합니다.
79,149,6,2,rejected,프로젝트에 관심이 있어 지원합니다.
80,204,64,5,rejected,프로젝트에 관심이 있어 지원합니다.
81,39,22,3,rejected,프로젝트에 관심이 있어 지원합니다.
82,206,78,1,accepted,프로젝트에 관심이 있어 지원합니다.
83,2,21,5,pending,프로젝트에 관심이 있어 지원합니다.
84,258,68,1,pending,프로젝트에 관심이 있어 지원합니다.
85,152,35,2,pending,프로젝트에 관심이 있어 지원합니다.
86,150,6,3,accepted,프로젝트에 관심이 있어 지원합니다.
87,69,35,2,rejected,프로젝트에 관심이 있어 지원합니다.
88,274,15,2,pending,프로젝트에 관심이 있어 지원합니다.
89,189,42,3,accepted,프로젝트에 관심이 있어 지원합니다.
90,69,53,4,rejected,프로젝트에 관심이 있어 지원합니다.
91,167,8,4,accepted,프로젝트에 관심이 있어 지원합니다.
92,91,33,1,rejected,프로젝트에 관심이 있어 지원합니다.
93,196,33,5,accepted,프로젝트에 관심이 있어 지원합니다.
94,113,42,3,accepted,프로젝트에 관심이 있어 지원합니다.
95,203,20,1,accepted,프로젝트에 관심이 있어 지원합니다.
96,246,12,3,accepted,프로젝트에 관심이 있어 지원합니다.
97,95,23,4,rejected,프로젝트에 관심이 있어 지원합니다.
98,11,40,1,pending,프로젝트에 관심이 있어 지원합니다.
99,202,78,3,accepted,프로젝트에 관심이 있어 지원합니다.
100,207,13,1,rejected,프로젝트에 관심이 있어 지원합니다.
101,7,78,1,pending,프로젝트에 관심이 있어 지원합니다.
102,23,17,1,pending,프로젝트에 관심이 있어 지원합니다.
103,138,19,1,rejected,프로젝트에 관심이 있어 지원합니다.
104,55,70,4,rejected,프로젝트에 관심이 있어 지원합니다.
105,44,26,2,rejected,프로젝트에 관심이 있어 지원합니다.
106,158,43,3,accepted,프로젝트에 관심이 있어 지원합니다.
107,29,70,1,pending,프로젝트에 관심이 있어 지원합니다.
108,53,70,5,accepted,프로젝트에 관심이 있어 지원합니다.
109,73,1,3,accepted,프로젝트에 관심이 있어 지원합니다.
110,181,37,2,pending,프로젝트에 관심이 있어 지원합니다.
111,58,63,2,pending,프로젝트에 관심이 있어 지원합니다.
112,183,10,1,accepted,프로젝트에 관심이 있어 지원합니다.
113,185,11,2,pending,프로젝트에 관심이 있어 지원합니다.
114,93,55,3,pending,프로젝트에 관심이 있어 지원합니다.
115,147,45,3,accepted,프로젝트에 관심이 있어 지원합니다.
116,136,10,2,rejected,프로젝트에 관심이 있어 지원합니다.
117,76,41,5,rejected,프로젝트에 관심이 있어 지원합니다.
118,35,15,3,accepted,프로젝트에 관심이 있어 지원합니다.
119,143,19,4,pending,프로젝트에 관심이 있어 지원합니다.
120,181,41,5,accepted,프로젝트에 관심이 있어 지원합니다.
121,212,78,4,rejected,프로젝트에 관심이 있어 지원합니다.
122,126,50,2,accepted,프로젝트에 관심이 있어 지원합니다.
123,276,69,1,pending,프로젝트에 관심이 있어 지원합니다.
124,298,54,2,accepted,프로젝트에 관심이 있어 지원합니다.
125,45,31,2,rejected,프로젝트에 관심이 있어 지원합니다.
126,286,61,1,rejected,프로젝트에 관심이 있어 지원합니다.
127,31,45,1,rejected,프로젝트에 관심이 있어 지원합니다.
128,151,59,5,pending,프로젝트에 관심이 있어 지원합니다.
129,125,27,2,pending,프로젝트에 관심이 있어 지원합니다.
130,194,4,3,rejected,프로젝트에 관심이 있어 지원합니다.
131,191,7,3,pending,프로젝트에 관심이 있어 지원합니다.
132,16,19,1,accepted,프로젝트에 관심이 있어 지원합니다.
133,126,10,2,accepted,프로젝트에 관심이 있어 지원합니다.
134,241,18,3,rejected,프로젝트에 관심이 있어 지원합니다.
135,241,53,1,rejected,프로젝트에 관심이 있어 지원합니다.
136,147,15,3,pending,프로젝트에 관심이 있어 지원합니다.
137,17,78,3,pending,프로젝트에 관심이 있어 지원합니다.
138,233,71,4,rejected,프로젝트에 관심이 있어 지원합니다.
139,293,65,3,rejected,프로젝트에 관심이 있어 지원합니다.
140,48,67,1,accepted,프로젝트에 관심이 있어 지원합니다.
141,109,52,1,pending,프로젝트에 관심이 있어 지원합니다.
142,240,62,4,accepted,프로젝트에 관심이 있어 지원합니다.
143,208,49,1,rejected,프로젝트에 관심이 있어 지원합니다.
144,139,14,4,pending,프로젝트에 관심이 있어 지원합니다.
145,172,4,1,pending,프로젝트에 관심이 있어 지원합니다.
146,6,40,1,pending,프로젝트에 관심이 있어 지원합니다.
147,17,31,3,rejected,프로젝트에 관심이 있어 지원합니다.
148,248,6,1,pending,프로젝트에 관심이 있어 지원합니다.
149,159,2,1,rejected,프로젝트에 관심이 있어 지원합니다.
150,162,51,1,rejected,프로젝트에 관심이 있어 지원합니다.
151,50,43,3,pending,프로젝트에 관심이 있어 지원합니다.
152,13,76,5,rejected,프로젝트에 관심이 있어 지원합니다.
153,20,38,1,pending,프로젝트에 관심이 있어 지원합니다.
154,119,28,5,rejected,프로젝트에 관심이 있어 지원합니다.
155,73,21,4,rejected,프로젝트에 관심이 있어 지원합니다.
156,230,17,3,accepted,프로젝트에 관심이 있어 지원합니다.
157,221,6,2,accepted,프로젝트에 관심이 있어 지원합니다.
158,39,20,3,rejected,프로젝트에 관심이 있어 지원합니다.
159,50,2,1,rejected,프로젝트에 관심이 있어 지원합니다.
160,256,13,1,accepted,프로젝트에 관심이 있어 지원합니다.
161,152,21,1,accepted,프로젝트에 관심이 있어 지원합니다.
162,92,59,5,pending,프로젝트에 관심이 있어 지원합니다.
163,132,57,3,pending,프로젝트에 관심이 있어 지원합니다.
164,21,47,5,rejected,프로젝트에 관심이 있어 지원합니다.
165,210,80,5,accepted,프로젝트에 관심이 있어 지원합니다.
166,161,48,5,pending,프로젝트에 관심이 있어 지원합니다.
167,260,58,5,rejected,프로젝트에 관심이 있어 지원합니다.
168,30,32,1,rejected,프로젝트에 관심이 있어 지원합니다.
169,80,14,1,accepted,프로젝트에 관심이 있어 지원합니다.
170,115,50,4,rejected,프로젝트에 관심이 있어 지원합니다.
171,48,45,3,rejected,프로젝트에 관심이 있어 지원합니다.
172,56,11,1,pending,프로젝트에 관심이 있어 지원합니다.
173,204,56,5,accepted,프로젝트에 관심이 있어 지원합니다.
174,109,61,2,pending,프로젝트에 관심이 있어 지원합니다.
175,20,70,4,rejected,프로젝트에 관심이 있어 지원합니다.
176,291,5,2,rejected,프로젝트에 관심이 있어 지원합니다.
177,32,47,2,pending,프로젝트에 관심이 있어 지원합니다.
178,12,55,2,accepted,프로젝트에 관심이 있어 지원합니다.
179,43,19,4,accepted,프로젝트에 관심이 있어 지원합니다.
180,215,68,4,pending,프로젝트에 관심이 있어 지원합니다.
181,95,7,4,accepted,프로젝트에 관심이 있어 지원합니다.
182,85,26,4,accepted,프로젝트에 관심이 있어 지원합니다.
183,247,61,2,rejected,프로젝트에 관심이 있어 지원합니다.
184,182,74,1,accepted,프로젝트에 관심이 있어 지원합니다.
185,288,77,2,accepted,프로젝트에 관심이 있어 지원합니다.
186,166,41,5,pending,프로젝트에 관심이 있어 지원합니다.
187,76,64,4,rejected,프로젝트에 관심이 있어 지원합니다.
188,135,67,2,rejected,프로젝트에 관심이 있어 지원합니다.
189,65,58,5,pending,프로젝트에 관심이 있어 지원합니다.
190,97,54,2,rejected,프로젝트에 관심이 있어 지원합니다.
191,194,28,5,rejected,프로젝트에 관심이 있어 지원합니다.
192,8,48,1,rejected,프로젝트에 관심이 있어 지원합니다.
193,155,40,3,rejected,프로젝트에 관심이 있어 지원합니다.
194,234,53,4,accepted,프로젝트에 관심이 있어 지원합니다.
195,278,55,2,pending,프로젝트에 관심이 있어 지원합니다.
196,235,55,2,accepted,프로젝트에 관심이 있어 지원합니다.
197,278,56,5,rejected,프로젝트에 관심이 있어 지원합니다.
198,146,80,1,rejected,프로젝트에 관심이 있어 지원합니다.
199,45,14,1,rejected,프로젝트에 관심이 있어 지원합니다.
200,255,80,1,rejected,프로젝트에 관심이 있어 지원합니다.
201,228,65,3,accepted,프로젝트에 관심이 있어 지원합니다.
202,109,29,4,rejected,프로젝트에 관심이 있어 지원합니다.
203,59,26,4,accepted,프로젝트에 관심이 있어 지원합니다.
204,212,51,2,pending,프로젝트에 관심이 있어 지원합니다.
205,115,65,3,accepted,프로젝트에 관심이 있어 지원합니다.
206,124,1,5,rejected,프로젝트에 관심이 있어 지원합니다.
207,17,2,2,rejected,프로젝트에 관심이 있어 지원합니다.
208,172,22,3,rejected,프로젝트에 관심이 있어 지원합니다.
209,124,72,1,rejected,프로젝트에 관심이 있어 지원합니다.
210,296,55,4,pending,프로젝트에 관심이 있어 지원합니다.
211,89,52,1,accepted,프로젝트에 관심이 있어 지원합니다.
212,65,65,4,pending,프로젝트에 관심이 있어 지원합니다.
213,201,34,1,accepted,프로젝트에 관심이 있어 지원합니다.
214,48,4,4,accepted,프로젝트에 관심이 있어 지원합니다.
215,79,4,4,rejected,프로젝트에 관심이 있어 지원합니다.
216,196,4,1,rejected,프로젝트에 관심이 있어 지원합니다.
217,233,46,1,pending,프로젝트에 관심이 있어 지원합니다.
218,275,32,2,rejected,프로젝트에 관심이 있어 지원합니다.
219,134,7,1,accepted,프로젝트에 관심이 있어 지원합니다.
220,57,59,1,rejected,프로젝트에 관심이 있어 지원합니다.
221,55,19,4,pending,프로젝트에 관심이 있어 지원합니다.
222,186,27,5,accepted,프로젝트에 관심이 있어 지원합니다.
223,12,53,5,pending,프로젝트에 관심이 있어 지원합니다.
224,215,49,2,rejected,프로젝트에 관심이 있어 지원합니다.
225,83,24,3,rejected,프로젝트에 관심이 있어 지원합니다.
226,17,16,2,rejected,프로젝트에 관심이 있어 지원합니다.
227,248,79,3,accepted,프로젝트에 관심이 있어 지원합니다.
228,63,25,3,accepted,프로젝트에 관심이 있어 지원합니다.
229,12,67,1,rejected,프로젝트에 관심이 있어 지원합니다.
230,112,4,1,accepted,프로젝트에 관심이 있어 지원합니다.
231,43,17,3,rejected,프로젝트에 관심이 있어 지원합니다.
232,283,38,4,accepted,프로젝트에 관심이 있어 지원합니다.
233,224,66,2,pending,프로젝트에 관심이 있어 지원합니다.
234,144,51,4,pending,프로젝트에 관심이 있어 지원합니다.
235,160,22,3,accepted,프로젝트에 관심이 있어 지원합니다.
236,217,77,3,rejected,프로젝트에 관심이 있어 지원합니다.
237,56,78,4,accepted,프로젝트에 관심이 있어 지원합니다.
238,33,58,1,pending,프로젝트에 관심이 있어 지원합니다.
239,262,33,4,rejected,프로젝트에 관심이 있어 지원합니다.
240,204,4,3,pending,프로젝트에 관심이 있어 지원합니다.
241,220,24,2,accepted,프로젝트에 관심이 있어 지원합니다.
242,75,41,4,pending,프로젝트에 관심이 있어 지원합니다.
243,6,43,3,accepted,프로젝트에 관심이 있어 지원합니다.
244,288,9,2,accepted,프로젝트에 관심이 있어 지원합니다.
245,270,28,5,accepted,프로젝트에 관심이 있어 지원합니다.
246,39,74,5,rejected,프로젝트에 관심이 있어 지원합니다.
247,223,41,5,pending,프로젝트에 관심이 있어 지원합니다.
248,256,6,4,rejected,프로젝트에 관심이 있어 지원합니다.
249,62,16,1,rejected,프로젝트에 관심이 있어 지원합니다.
250,296,3,1,accepted,프로젝트에 관심이 있어 지원합니다.
251,237,37,1,pending,프로젝트에 관심이 있어 지원합니다.
252,173,3,1,pending,프로젝트에 관심이 있어 지원합니다.
253,213,39,3,accepted,프로젝트에 관심이 있어 지원합니다.
254,253,79,3,pending,프로젝트에 관심이 있어 지원합니다.
255,233,64,3,pending,프로젝트에 관심이 있어 지원합니다.
256,53,4,1,pending,프로젝트에 관심이 있어 지원합니다.
257,72,14,3,rejected,프로젝트에 관심이 있어 지원합니다.
258,88,12,3,pending,프로젝트에 관심이 있어 지원합니다.
259,276,1,1,accepted,프로젝트에 관심이 있어 지원합니다.
260,57,7,1,rejected,프로젝트에 관심이 있어 지원합니다.
261,136,43,3,accepted,프로젝트에 관심이 있어 지원합니다.
262,71,75,1,rejected,프로젝트에 관심이 있어 지원합니다.
263,164,19,4,rejected,프로젝트에 관심이 있어 지원합니다.
264,229,16,1,accepted,프로젝트에 관심이 있어 지원합니다.
265,296,62,4,accepted,프로젝트에 관심이 있어 지원합니다.
266,248,29,4,pending,프로젝트에 관심이 있어 지원합니다.
267,43,46,5,rejected,프로젝트에 관심이 있어 지원합니다.
268,106,10,5,pending,프로젝트에 관심이 있어 지원합니다.
269,31,28,1,rejected,프로젝트에 관심이 있어 지원합니다.
270,250,14,4,accepted,프로젝트에 관심이 있어 지원합니다.
271,160,59,3,pending,프로젝트에 관심이 있어 지원합니다.
272,113,47,5,accepted,프로젝트에 관심이 있어 지원합니다.
273,263,26,2,accepted,프로젝트에 관심이 있어 지원합니다.
274,158,74,2,rejected,프로젝트에 관심이 있어 지원합니다.
275,237,14,3,rejected,프로젝트에 관심이 있어 지원합니다.
276,137,4,4,rejected,프로젝트에 관심이 있어 지원합니다.
277,232,46,3,pending,프로젝트에 관심이 있어 지원합니다.
278,109,20,3,accepted,프로젝트에 관심이 있어 지원합니다.
279,261,43,5,pending,프로젝트에 관심이 있어 지원합니다.
280,217,25,2,accepted,프로젝트에 관심이 있어 지원합니다.
281,91,77,1,accepted,프로젝트에 관심이 있어 지원합니다.
282,26,32,1,rejected,프로젝트에 관심이 있어 지원합니다.
283,59,7,1,pending,프로젝트에 관심이 있어 지원합니다.
284,142,29,4,rejected,프로젝트에 관심이 있어 지원합니다.
285,201,51,2,rejected,프로젝트에 관심이 있어 지원합니다.
286,254,27,2,pending,프로젝트에 관심이 있어 지원합니다.
287,178,37,1,pending,프로젝트에 관심이 있어 지원합니다.
288,258,80,4,accepted,프로젝트에 관심이 있어 지원합니다.
289,123,22,3,pending,프로젝트에 관심이 있어 지원합니다.
290,73,2,2,rejected,프로젝트에 관심이 있어 지원합니다.
291,172,3,1,pending,프로젝트에 관심이 있어 지원합니다.
292,181,61,2,accepted,프로젝트에 관심이 있어 지원합니다.
293,127,61,2,accepted,프로젝트에 관심이 있어 지원합니다.
294,117,68,1,accepted,프로젝트에 관심이 있어 지원합니다.
295,49,13,3,accepted,프로젝트에 관심이 있어 지원합니다.
296,180,70,5,pending,프로젝트에 관심이 있어 지원합니다.
297,130,47,4,accepted,프로젝트에 관심이 있어 지원합니다.
298,266,77,3,accepted,프로젝트에 관심이 있어 지원합니다.
299,266,3,2,pending,프로젝트에 관심이 있어 지원합니다.
300,183,64,5,pending,프로젝트에 관심이 있어 지원합니다.
301,221,47,5,rejected,프로젝트에 관심이 있어 지원합니다.
302,56,36,5,rejected,프로젝트에 관심이 있어 지원합니다.
303,270,23,4,rejected,프로젝트에 관심이 있어 지원합니다.
304,214,36,1,accepted,프로젝트에 관심이 있어 지원합니다.
305,297,67,2,pending,프로젝트에 관심이 있어 지원합니다.
306,291,45,1,accepted,프로젝트에 관심이 있어 지원합니다.
307,256,19,5,rejected,프로젝트에 관심이 있어 지원합니다.
308,286,21,4,accepted,프로젝트에 관심이 있어 지원합니다.
309,34,38,1,accepted,프로젝트에 관심이 있어 지원합니다.
310,28,63,2,accepted,프로젝트에 관심이 있어 지원합니다.
311,181,1,3,rejected,프로젝트에 관심이 있어 지원합니다.
312,45,35,2,pending,프로젝트에 관심이 있어 지원합니다.
313,222,75,2,pending,프로젝트에 관심이 있어 지원합니다.
314,128,50,1,accepted,프로젝트에 관심이 있어 지원합니다.
315,134,39,3,accepted,프로젝트에 관심이 있어 지원합니다.
316,297,18,2,rejected,프로젝트에 관심이 있어 지원합니다.
317,129,18,3,accepted,프로젝트에 관심이 있어 지원합니다.
318,291,60,4,accepted,프로젝트에 관심이 있어 지원합니다.
319,224,13,3,accepted,프로젝트에 관심이 있어 지원합니다.
320,184,60,4,accepted,프로젝트에 관심이 있어 지원합니다.
321,216,53,4,pending,프로젝트에 관심이 있어 지원합니다.
322,46,18,3,rejected,프로젝트에 관심이 있어 지원합니다.
323,125,75,4,accepted,프로젝트에 관심이 있어 지원합니다.
324,151,7,5,rejected,프로젝트에 관심이 있어 지원합니다.
325,65,52,5,rejected,프로젝트에 관심이 있어 지원합니다.
326,28,11,1,pending,프로젝트에 관심이 있어 지원합니다.
327,171,77,3,accepted,프로젝트에 관심이 있어 지원합니다.
328,32,16,3,rejected,프로젝트에 관심이 있어 지원합니다.
329,262,7,5,accepted,프로젝트에 관심이 있어 지원합니다.
330,70,29,1,rejected,프로젝트에 관심이 있어 지원합니다.
331,155,40,3,rejected,프로젝트에 관심이 있어 지원합니다.
332,103,15,1,pending,프로젝트에 관심이 있어 지원합니다.
333,62,67,5,accepted,프로젝트에 관심이 있어 지원합니다.
334,228,51,1,pending,프로젝트에 관심이 있어 지원합니다.
335,154,52,4,pending,프로젝트에 관심이 있어 지원합니다.
336,225,79,2,pending,프로젝트에 관심이 있어 지원합니다.
337,12,24,3,pending,프로젝트에 관심이 있어 지원합니다.
338,280,26,3,accepted,프로젝트에 관심이 있어 지원합니다.
339,149,13,2,rejected,프로젝트에 관심이 있어 지원합니다.
340,198,14,5,accepted,프로젝트에 관심이 있어 지원합니다.
341,76,4,4,accepted,프로젝트에 관심이 있어 지원합니다.
342,156,5,4,accepted,프로젝트에 관심이 있어 지원합니다.
343,228,6,4,pending,프로젝트에 관심이 있어 지원합니다.
344,142,2,2,rejected,프로젝트에 관심이 있어 지원합니다.
345,257,65,4,accepted,프로젝트에 관심이 있어 지원합니다.
346,33,23,4,rejected,프로젝트에 관심이 있어 지원합니다.
347,289,44,5,pending,프로젝트에 관심이 있어 지원합니다.
348,156,51,4,pending,프로젝트에 관심이 있어 지원합니다.
349,248,49,2,pending,프로젝트에 관심이 있어 지원합니다.
350,67,42,3,rejected,프로젝트에 관심이 있어 지원합니다.
351,179,75,4,pending,프로젝트에 관심이 있어 지원합니다.
352,82,30,1,pending,프로젝트에 관심이 있어 지원합니다.
353,256,61,1,rejected,프로젝트에 관심이 있어 지원합니다.
354,54,23,4,rejected,프로젝트에 관심이 있어 지원합니다.
355,216,9,1,pending,프로젝트에 관심이 있어 지원합니다.
356,227,48,1,accepted,프로젝트에 관심이 있어 지원합니다.
357,90,42,3,pending,프로젝트에 관심이 있어 지원합니다.
358,294,72,4,pending,프로젝트에 관심이 있어 지원합니다.
359,252,57,3,rejected,프로젝트에 관심이 있어 지원합니다.
360,271,25,1,pending,프로젝트에 관심이 있어 지원합니다.
361,50,27,5,pending,프로젝트에 관심이 있어 지원합니다.
362,291,70,4,rejected,프로젝트에 관심이 있어 지원합니다.
363,95,68,4,rejected,프로젝트에 관심이 있어 지원합니다.
364,257,46,5,accepted,프로젝트에 관심이 있어 지원합니다.
365,71,9,1,rejected,프로젝트에 관심이 있어 지원합니다.
366,66,67,1,accepted,프로젝트에 관심이 있어 지원합니다.
367,256,30,3,pending,프로젝트에 관심이 있어 지원합니다.
368,129,50,1,rejected,프로젝트에 관심이 있어 지원합니다.
369,81,37,2,rejected,프로젝트에 관심이 있어 지원합니다.
370,205,80,5,pending,프로젝트에 관심이 있어 지원합니다.
371,57,75,1,accepted,프로젝트에 관심이 있어 지원합니다.
372,17,44,1,accepted,프로젝트에 관심이 있어 지원합니다.
373,172,8,1,rejected,프로젝트에 관심이 있어 지원합니다.
374,121,64,5,pending,프로젝트에 관심이 있어 지원합니다.
375,19,45,4,accepted,프로젝트에 관심이 있어 지원합니다.
376,42,71,2,rejected,프로젝트에 관심이 있어 지원합니다.
377,139,6,3,pending,프로젝트에 관심이 있어 지원합니다.
378,221,62,1,accepted,프로젝트에 관심이 있어 지원합니다.
379,11,8,5,pending,프로젝트에 관심이 있어 지원합니다.
380,10,71,5,accepted,프로젝트에 관심이 있어 지원합니다.
381,194,17,3,pending,프로젝트에 관심이 있어 지원합니다.
382,61,79,3,rejected,프로젝트에 관심이 있어 지원합니다.
383,181,25,1,pending,프로젝트에 관심이 있어 지원합니다.
384,6,30,1,accepted,프로젝트에 관심이 있어 지원합니다.
385,8,32,1,pending,프로젝트에 관심이 있어 지원합니다.
386,145,6,2,accepted,프로젝트에 관심이 있어 지원합니다.
387,150,17,1,pending,프로젝트에 관심이 있어 지원합니다.
388,40,33,2,rejected,프로젝트에 관심이 있어 지원합니다.
389,254,46,3,rejected,프로젝트에 관심이 있어 지원합니다.
390,188,71,2,accepted,프로젝트에 관심이 있어 지원합니다.
391,270,35,4,pending,프로젝트에 관심이 있어 지원합니다.
392,211,80,1,accepted,프로젝트에 관심이 있어 지원합니다.
393,105,18,5,accepted,프로젝트에 관심이 있어 지원합니다.
394,108,16,1,rejected,프로젝트에 관심이 있어 지원합니다.
395,19,31,1,accepted,프로젝트에 관심이 있어 지원합니다.
396,11,64,3,rejected,프로젝트에 관심이 있어 지원합니다.
397,143,76,3,pending,프로젝트에 관심이 있어 지원합니다.
398,197,64,4,pending,프로젝트에 관심이 있어 지원합니다.
399,197,57,3,pending,프로젝트에 관심이 있어 지원합니다.
400,273,7,1,accepted,프로젝트에 관심이 있어 지원합니다.
401,278,45,3,rejected,프로젝트에 관심이 있어 지원합니다.
402,135,76,1,pending,프로젝트에 관심이 있어 지원합니다.
403,175,80,5,rejected,프로젝트에 관심이 있어 지원합니다.
404,30,14,4,rejected,프로젝트에 관심이 있어 지원합니다.
405,274,60,3,rejected,프로젝트에 관심이 있어 지원합니다.
406,84,49,1,accepted,프로젝트에 관심이 있어 지원합니다.
407,68,2,1,accepted,프로젝트에 관심이 있어 지원합니다.
408,278,38,4,accepted,프로젝트에 관심이 있어 지원합니다.
409,20,79,1,pending,프로젝트에 관심이 있어 지원합니다.
410,64,40,2,accepted,프로젝트에 관심이 있어 지원합니다.
411,136,23,1,pending,프로젝트에 관심이 있어 지원합니다.
412,184,62,4,rejected,프로젝트에 관심이 있어 지원합니다.
413,112,53,5,accepted,프로젝트에 관심이 있어 지원합니다.
414,283,41,5,rejected,프로젝트에 관심이 있어 지원합니다.
415,93,34,1,rejected,프로젝트에 관심이 있어 지원합니다.
416,117,23,1,pending,프로젝트에 관심이 있어 지원합니다.
417,120,15,2,accepted,프로젝트에 관심이 있어 지원합니다.
418,297,41,2,pending,프로젝트에 관심이 있어 지원합니다.
419,32,34,2,rejected,프로젝트에 관심이 있어 지원합니다.
420,277,6,3,accepted,프로젝트에 관심이 있어 지원합니다.
421,56,10,2,pending,프로젝트에 관심이 있어 지원합니다.
422,167,74,5,accepted,프로젝트에 관심이 있어 지원합니다.
423,37,55,3,accepted,프로젝트에 관심이 있어 지원합니다.
424,172,53,4,rejected,프로젝트에 관심이 있어 지원합니다.
425,241,38,2,pending,프로젝트에 관심이 있어 지원합니다.
426,14,14,4,rejected,프로젝트에 관심이 있어 지원합니다.
427,262,66,4,rejected,프로젝트에 관심이 있어 지원합니다.
428,299,5,1,rejected,프로젝트에 관심이 있어 지원합니다.
429,196,11,2,rejected,프로젝트에 관심이 있어 지원합니다.
430,276,16,3,rejected,프로젝트에 관심이 있어 지원합니다.
431,27,78,3,rejected,프로젝트에 관심이 있어 지원합니다.
432,100,74,2,accepted,프로젝트에 관심이 있어 지원합니다.
433,169,32,2,pending,프로젝트에 관심이 있어 지원합니다.
434,60,31,2,accepted,프로젝트에 관심이 있어 지원합니다.
435,186,11,2,rejected,프로젝트에 관심이 있어 지원합니다.
436,118,58,1,rejected,프로젝트에 관심이 있어 지원합니다.
437,292,17,5,rejected,프로젝트에 관심이 있어 지원합니다.
438,300,18,3,rejected,프로젝트에 관심이 있어 지원합니다.
439,175,41,2,rejected,프로젝트에 관심이 있어 지원합니다.
440,295,64,2,rejected,프로젝트에 관심이 있어 지원합니다.
441,93,59,5,accepted,프로젝트에 관심이 있어 지원합니다.
442,52,17,3,rejected,프로젝트에 관심이 있어 지원합니다.
443,13,22,3,rejected,프로젝트에 관심이 있어 지원합니다.
444,217,46,5,pending,프로젝트에 관심이 있어 지원합니다.
445,286,31,2,rejected,프로젝트에 관심이 있어 지원합니다.
446,56,6,3,pending,프로젝트에 관심이 있어 지원합니다.
447,230,53,4,rejected,프로젝트에 관심이 있어 지원합니다.
448,69,24,3,rejected,프로젝트에 관심이 있어 지원합니다.
449,261,11,2,rejected,프로젝트에 관심이 있어 지원합니다.
450,195,42,3,accepted,프로젝트에 관심이 있어 지원합니다.
451,144,13,3,pending,프로젝트에 관심이 있어 지원합니다.
452,269,75,2,accepted,프로젝트에 관심이 있어 지원합니다.
453,147,42,1,rejected,프로젝트에 관심이 있어 지원합니다.
454,108,56,4,accepted,프로젝트에 관심이 있어 지원합니다.
455,51,45,3,accepted,프로젝트에 관심이 있어 지원합니다.
456,115,22,3,accepted,프로젝트에 관심이 있어 지원합니다.
457,55,30,2,pending,프로젝트에 관심이 있어 지원합니다.
458,15,77,2,rejected,프로젝트에 관심이 있어 지원합니다.
459,4,63,5,pending,프로젝트에 관심이 있어 지원합니다.
460,219,57,3,rejected,프로젝트에 관심이 있어 지원합니다.
461,152,15,2,pending,프로젝트에 관심이 있어 지원합니다.
462,253,34,1,pending,프로젝트에 관심이 있어 지원합니다.
463,143,15,1,rejected,프로젝트에 관심이 있어 지원합니다.
464,39,42,2,pending,프로젝트에 관심이 있어 지원합니다.
465,142,59,4,rejected,프로젝트에 관심이 있어 지원합니다.
466,20,56,4,pending,프로젝트에 관심이 있어 지원합니다.
467,98,72,1,pending,프로젝트에 관심이 있어 지원합니다.
468,126,18,2,rejected,프로젝트에 관심이 있어 지원합니다.
469,101,34,2,pending,프로젝트에 관심이 있어 지원합니다.
470,145,17,1,pending,프로젝트에 관심이 있어 지원합니다.
471,265,28,1,rejected,프로젝트에 관심이 있어 지원합니다.
472,92,5,2,accepted,프로젝트에 관심이 있어 지원합니다.
473,195,75,1,accepted,프로젝트에 관심이 있어 지원합니다.
474,154,30,4,rejected,프로젝트에 관심이 있어 지원합니다.
475,251,51,1,accepted,프로젝트에 관심이 있어 지원합니다.
476,58,37,2,accepted,프로젝트에 관심이 있어 지원합니다.
477,167,32,2,accepted,프로젝트에 관심이 있어 지원합니다.
478,59,45,4,rejected,프로젝트에 관심이 있어 지원합니다.
479,66,62,4,rejected,프로젝트에 관심이 있어 지원합니다.
480,121,4,4,accepted,프로젝트에 관심이 있어 지원합니다.
481,111,53,4,accepted,프로젝트에 관심이 있어 지원합니다.
482,211,51,2,rejected,프로젝트에 관심이 있어 지원합니다.
483,205,34,2,rejected,프로젝트에 관심이 있어 지원합니다.
484,24,40,1,accepted,프로젝트에 관심이 있어 지원합니다.
485,294,22,4,pending,프로젝트에 관심이 있어 지원합니다.
486,169,17,1,rejected,프로젝트에 관심이 있어 지원합니다.
487,11,49,1,rejected,프로젝트에 관심이 있어 지원합니다.
488,26,67,5,pending,프로젝트에 관심이 있어 지원합니다.
489,102,21,4,rejected,프로젝트에 관심이 있어 지원합니다.
490,83,48,2,accepted,프로젝트에 관심이 있어 지원합니다.
491,284,32,1,pending,프로젝트에 관심이 있어 지원합니다.
492,257,51,1,rejected,프로젝트에 관심이 있어 지원합니다.
493,81,37,1,rejected,프로젝트에 관심이 있어 지원합니다.
494,18,35,5,accepted,프로젝트에 관심이 있어 지원합니다.
495,206,17,1,rejected,프로젝트에 관심이 있어 지원합니다.
496,38,65,4,rejected,프로젝트에 관심이 있어 지원합니다.
497,213,3,2,rejected,프로젝트에 관심이 있어 지원합니다.
498,49,76,2,rejected,프로젝트에 관심이 있어 지원합니다.
499,160,42,2,accepted,프로젝트에 관심이 있어 지원합니다.
500,104,13,3,accepted,프로젝트에 관심이 있어 지원합니다.
501,296,61,2,pending,프로젝트에 관심이 있어 지원합니다.
502,288,36,2,accepted,프로젝트에 관심이 있어 지원합니다.
503,196,3,1,rejected,프로젝트에 관심이 있어 지원합니다.
504,232,29,1,accepted,프로젝트에 관심이 있어 지원합니다.
505,204,30,3,pending,프로젝트에 관심이 있어 지원합니다.
506,171,19,1,rejected,프로젝트에 관심이 있어 지원합니다.
507,49,72,3,accepted,프로젝트에 관심이 있어 지원합니다.
508,43,19,4,accepted,프로젝트에 관심이 있어 지원합니다.
509,268,73,3,rejected,프로젝트에 관심이 있어 지원합니다.
510,160,44,1,rejected,프로젝트에 관심이 있어 지원합니다.
511,165,73,1,accepted,프로젝트에 관심이 있어 지원합니다.
512,288,63,2,accepted,프로젝트에 관심이 있어 지원합니다.
513,121,42,3,rejected,프로젝트에 관심이 있어 지원합니다.
514,42,14,1,accepted,프로젝트에 관심이 있어 지원합니다.
515,193,17,1,rejected,프로젝트에 관심이 있어 지원합니다.
516,102,57,1,rejected,프로젝트에 관심이 있어 지원합니다.
517,20,55,2,accepted,프로젝트에 관심이 있어 지원합니다.
518,281,54,3,accepted,프로젝트에 관심이 있어 지원합니다.
519,61,56,4,rejected,프로젝트에 관심이 있어 지원합니다.
520,268,42,2,rejected,프로젝트에 관심이 있어 지원합니다.
521,289,22,4,pending,프로젝트에 관심이 있어 지원합니다.
522,191,67,2,rejected,프로젝트에 관심이 있어 지원합니다.
523,237,27,2,rejected,프로젝트에 관심이 있어 지원합니다.
524,85,68,4,rejected,프로젝트에 관심이 있어 지원합니다.
525,6,41,1,pending,프로젝트에 관심이 있어 지원합니다.
526,160,25,1,pending,프로젝트에 관심이 있어 지원합니다.
527,276,59,3,accepted,프로젝트에 관심이 있어 지원합니다.
528,35,45,1,accepted,프로젝트에 관심이 있어 지원합니다.
529,177,2,2,rejected,프로젝트에 관심이 있어 지원합니다.
530,300,40,2,accepted,프로젝트에 관심이 있어 지원합니다.
531,131,72,3,pending,프로젝트에 관심이 있어 지원합니다.
532,53,28,3,accepted,프로젝트에 관심이 있어 지원합니다.
533,289,14,5,rejected,프로젝트에 관심이 있어 지원합니다.
534,170,74,4,rejected,프로젝트에 관심이 있어 지원합니다.
535,243,27,1,rejected,프로젝트에 관심이 있어 지원합니다.
536,76,19,1,pending,프로젝트에 관심이 있어 지원합니다.
537,166,10,5,accepted,프로젝트에 관심이 있어 지원합니다.
538,218,61,1,accepted,프로젝트에 관심이 있어 지원합니다.
539,124,72,4,rejected,프로젝트에 관심이 있어 지원합니다.
540,160,67,1,accepted,프로젝트에 관심이 있어 지원합니다.
541,110,22,3,rejected,프로젝트에 관심이 있어 지원합니다.
542,287,57,3,rejected,프로젝트에 관심이 있어 지원합니다.
543,62,72,4,pending,프로젝트에 관심이 있어 지원합니다.
544,239,45,1,rejected,프로젝트에 관심이 있어 지원합니다.
545,287,25,1,rejected,프로젝트에 관심이 있어 지원합니다.
546,101,57,1,accepted,프로젝트에 관심이 있어 지원합니다.
547,3,76,3,accepted,프로젝트에 관심이 있어 지원합니다.
548,258,2,1,rejected,프로젝트에 관심이 있어 지원합니다.
549,141,62,2,rejected,프로젝트에 관심이 있어 지원합니다.
550,30,74,5,rejected,프로젝트에 관심이 있어 지원합니다.
551,233,63,5,rejected,프로젝트에 관심이 있어 지원합니다.
552,54,5,4,accepted,프로젝트에 관심이 있어 지원합니다.
553,79,23,1,accepted,프로젝트에 관심이 있어 지원합니다.
554,29,57,1,rejected,프로젝트에 관심이 있어 지원합니다.
555,161,13,3,rejected,프로젝트에 관심이 있어 지원합니다.
556,9,43,4,rejected,프로젝트에 관심이 있어 지원합니다.
557,87,76,5,pending,프로젝트에 관심이 있어 지원합니다.
558,214,8,2,pending,프로젝트에 관심이 있어 지원합니다.
559,137,11,2,rejected,프로젝트에 관심이 있어 지원합니다.
560,89,1,4,accepted,프로젝트에 관심이 있어 지원합니다.
561,61,44,3,pending,프로젝트에 관심이 있어 지원합니다.
562,46,15,1,rejected,프로젝트에 관심이 있어 지원합니다.
563,45,24,1,pending,프로젝트에 관심이 있어 지원합니다.
564,6,28,3,rejected,프로젝트에 관심이 있어 지원합니다.
565,42,32,1,rejected,프로젝트에 관심이 있어 지원합니다.
566,68,40,3,pending,프로젝트에 관심이 있어 지원합니다.
567,147,23,1,accepted,프로젝트에 관심이 있어 지원합니다.
568,140,26,3,pending,프로젝트에 관심이 있어 지원합니다.
569,133,57,3,rejected,프로젝트에 관심이 있어 지원합니다.
570,268,58,5,rejected,프로젝트에 관심이 있어 지원합니다.
571,88,5,4,pending,프로젝트에 관심이 있어 지원합니다.
572,108,56,4,accepted,프로젝트에 관심이 있어 지원합니다.
573,107,44,3,rejected,프로젝트에 관심이 있어 지원합니다.
574,47,66,3,rejected,프로젝트에 관심이 있어 지원합니다.
575,112,60,2,accepted,프로젝트에 관심이 있어 지원합니다.
576,244,18,3,accepted,프로젝트에 관심이 있어 지원합니다.
577,191,73,1,pending,프로젝트에 관심이 있어 지원합니다.
578,184,2,2,pending,프로젝트에 관심이 있어 지원합니다.
579,172,44,3,rejected,프로젝트에 관심이 있어 지원합니다.
580,84,60,1,accepted,프로젝트에 관심이 있어 지원합니다.
581,225,79,4,accepted,프로젝트에 관심이 있어 지원합니다.
582,243,32,2,pending,프로젝트에 관심이 있어 지원합니다.
583,173,62,1,rejected,프로젝트에 관심이 있어 지원합니다.
584,260,14,4,accepted,프로젝트에 관심이 있어 지원합니다.
585,296,52,4,pending,프로젝트에 관심이 있어 지원합니다.
586,269,26,5,rejected,프로젝트에 관심이 있어 지원합니다.
587,72,17,1,pending,프로젝트에 관심이 있어 지원합니다.
588,159,19,4,rejected,프로젝트에 관심이 있어 지원합니다.
589,203,22,1,pending,프로젝트에 관심이 있어 지원합니다.
590,155,40,1,pending,프로젝트에 관심이 있어 지원합니다.
591,105,56,4,rejected,프로젝트에 관심이 있어 지원합니다.
592,3,62,1,pending,프로젝트에 관심이 있어 지원합니다.
593,242,71,5,rejected,프로젝트에 관심이 있어 지원합니다.
594,238,32,1,rejected,프로젝트에 관심이 있어 지원합니다.
595,199,17,3,accepted,프로젝트에 관심이 있어 지원합니다.
596,145,55,1,accepted,프로젝트에 관심이 있어 지원합니다.
597,178,63,5,pending,프로젝트에 관심이 있어 지원합니다.
598,92,31,2,accepted,프로젝트에 관심이 있어 지원합니다.
599,257,1,3,rejected,프로젝트에 관심이 있어 지원합니다.
600,71,64,2,pending,프로젝트에 관심이 있어 지원합니다.
601,155,56,2,pending,프로젝트에 관심이 있어 지원합니다.
602,146,40,2,accepted,프로젝트에 관심이 있어 지원합니다.
603,18,34,5,pending,프로젝트에 관심이 있어 지원합니다.
604,265,14,1,accepted,프로젝트에 관심이 있어 지원합니다.
605,178,13,1,rejected,프로젝트에 관심이 있어 지원합니다.
606,164,17,3,accepted,프로젝트에 관심이 있어 지원합니다.
607,233,2,1,accepted,프로젝트에 관심이 있어 지원합니다.
608,156,55,1,pending,프로젝트에 관심이 있어 지원합니다.
609,231,65,4,accepted,프로젝트에 관심이 있어 지원합니다.
610,187,15,2,rejected,프로젝트에 관심이 있어 지원합니다.
611,273,50,4,pending,프로젝트에 관심이 있어 지원합니다.
612,133,26,5,accepted,프로젝트에 관심이 있어 지원합니다.
613,233,56,5,pending,프로젝트에 관심이 있어 지원합니다.
614,236,47,4,pending,프로젝트에 관심이 있어 지원합니다.
615,130,55,3,rejected,프로젝트에 관심이 있어 지원합니다.
616,92,38,1,accepted,프로젝트에 관심이 있어 지원합니다.
617,229,42,3,pending,프로젝트에 관심이 있어 지원합니다.
618,19,69,2,rejected,프로젝트에 관심이 있어 지원합니다.
619,90,11,2,pending,프로젝트에 관심이 있어 지원합니다.
620,221,36,5,accepted,프로젝트에 관심이 있어 지원합니다.
621,125,68,1,accepted,프로젝트에 관심이 있어 지원합니다.
622,76,78,4,rejected,프로젝트에 관심이 있어 지원합니다.
623,52,49,2,accepted,프로젝트에 관심이 있어 지원합니다.
624,217,52,4,pending,프로젝트에 관심이 있어 지원합니다.
625,41,56,4,accepted,프로젝트에 관심이 있어 지원합니다.
626,264,70,3,rejected,프로젝트에 관심이 있어 지원합니다.
627,26,48,3,rejected,프로젝트에 관심이 있어 지원합니다.
628,96,36,1,accepted,프로젝트에 관심이 있어 지원합니다.
629,205,24,1,accepted,프로젝트에 관심이 있어 지원합니다.
630,213,17,3,accepted,프로젝트에 관심이 있어 지원합니다.
631,163,13,1,accepted,프로젝트에 관심이 있어 지원합니다.
632,148,78,4,rejected,프로젝트에 관심이 있어 지원합니다.
633,216,77,1,rejected,프로젝트에 관심이 있어 지원합니다.
634,176,44,3,accepted,프로젝트에 관심이 있어 지원합니다.
635,78,60,2,accepted,프로젝트에 관심이 있어 지원합니다.
636,200,33,1,accepted,프로젝트에 관심이 있어 지원합니다.
637,250,72,4,rejected,프로젝트에 관심이 있어 지원합니다.
638,156,38,4,rejected,프로젝트에 관심이 있어 지원합니다.
639,240,4,4,accepted,프로젝트에 관심이 있어 지원합니다.
640,221,54,1,rejected,프로젝트에 관심이 있어 지원합니다.
641,146,72,3,accepted,프로젝트에 관심이 있어 지원합니다.
642,194,78,1,rejected,프로젝트에 관심이 있어 지원합니다.
643,50,51,1,accepted,프로젝트에 관심이 있어 지원합니다.
644,82,52,4,accepted,프로젝트에 관심이 있어 지원합니다.
645,112,54,1,rejected,프로젝트에 관심이 있어 지원합니다.
646,163,65,3,accepted,프로젝트에 관심이 있어 지원합니다.
647,116,52,5,rejected,프로젝트에 관심이 있어 지원합니다.
648,81,23,1,accepted,프로젝트에 관심이 있어 지원합니다.
649,273,43,1,rejected,프로젝트에 관심이 있어 지원합니다.
650,197,75,2,rejected,프로젝트에 관심이 있어 지원합니다.
651,211,25,3,pending,프로젝트에 관심이 있어 지원합니다.
652,258,11,2,rejected,프로젝트에 관심이 있어 지원합니다.
653,12,42,3,rejected,프로젝트에 관심이 있어 지원합니다.
654,47,48,5,pending,프로젝트에 관심이 있어 지원합니다.
655,283,66,3,pending,프로젝트에 관심이 있어 지원합니다.
656,123,23,1,rejected,프로젝트에 관심이 있어 지원합니다.
657,166,17,3,pending,프로젝트에 관심이 있어 지원합니다.
658,236,32,2,accepted,프로젝트에 관심이 있어 지원합니다.
659,124,23,4,pending,프로젝트에 관심이 있어 지원합니다.
660,82,32,1,accepted,프로젝트에 관심이 있어 지원합니다.
661,4,5,2,accepted,프로젝트에 관심이 있어 지원합니다.
662,198,10,3,rejected,프로젝트에 관심이 있어 지원합니다.
663,276,16,3,rejected,프로젝트에 관심이 있어 지원합니다.
664,13,57,1,accepted,프로젝트에 관심이 있어 지원합니다.
665,150,51,2,pending,프로젝트에 관심이 있어 지원합니다.
666,262,57,1,accepted,프로젝트에 관심이 있어 지원합니다.
667,54,19,1,accepted,프로젝트에 관심이 있어 지원합니다.
668,87,47,4,accepted,프로젝트에 관심이 있어 지원합니다.
669,73,32,1,pending,프로젝트에 관심이 있어 지원합니다.
670,235,63,2,rejected,프로젝트에 관심이 있어 지원합니다.
671,176,38,3,accepted,프로젝트에 관심이 있어 지원합니다.
672,291,36,2,rejected,프로젝트에 관심이 있어 지원합니다.
673,76,67,2,accepted,프로젝트에 관심이 있어 지원합니다.
674,150,40,1,rejected,프로젝트에 관심이 있어 지원합니다.
675,291,40,3,accepted,프로젝트에 관심이 있어 지원합니다.
676,66,19,4,rejected,프로젝트에 관심이 있어 지원합니다.
677,132,30,1,accepted,프로젝트에 관심이 있어 지원합니다.
678,133,47,5,rejected,프로젝트에 관심이 있어 지원합니다.
679,245,80,5,rejected,프로젝트에 관심이 있어 지원합니다.
680,257,41,5,accepted,프로젝트에 관심이 있어 지원합니다.
681,249,22,3,accepted,프로젝트에 관심이 있어 지원합니다.
682,8,9,3,accepted,프로젝트에 관심이 있어 지원합니다.
683,106,29,1,rejected,프로젝트에 관심이 있어 지원합니다.
684,101,46,5,accepted,프로젝트에 관심이 있어 지원합니다.
685,7,68,1,accepted,프로젝트에 관심이 있어 지원합니다.
686,205,13,3,rejected,프로젝트에 관심이 있어 지원합니다.
687,35,35,1,rejected,프로젝트에 관심이 있어 지원합니다.
688,29,58,1,rejected,프로젝트에 관심이 있어 지원합니다.
689,126,33,2,rejected,프로젝트에 관심이 있어 지원합니다.
690,117,59,4,pending,프로젝트에 관심이 있어 지원합니다.
691,283,36,1,rejected,프로젝트에 관심이 있어 지원합니다.
692,68,67,1,accepted,프로젝트에 관심이 있어 지원합니다.
693,117,32,1,rejected,프로젝트에 관심이 있어 지원합니다.
694,164,10,1,pending,프로젝트에 관심이 있어 지원합니다.
695,227,11,2,accepted,프로젝트에 관심이 있어 지원합니다.
696,154,73,3,pending,프로젝트에 관심이 있어 지원합니다.
697,58,57,3,rejected,프로젝트에 관심이 있어 지원합니다.
698,1,33,4,rejected,프로젝트에 관심이 있어 지원합니다.
699,253,23,4,accepted,프로젝트에 관심이 있어 지원합니다.
700,136,69,3,pending,프로젝트에 관심이 있어 지원합니다.
701,288,65,1,rejected,프로젝트에 관심이 있어 지원합니다.
702,250,1,5,accepted,프로젝트에 관심이 있어 지원합니다.
703,254,21,1,rejected,프로젝트에 관심이 있어 지원합니다.
704,227,44,5,rejected,프로젝트에 관심이 있어 지원합니다.
705,94,25,3,pending,프로젝트에 관심이 있어 지원합니다.
706,157,41,5,rejected,프로젝트에 관심이 있어 지원합니다.
707,53,39,3,rejected,프로젝트에 관심이 있어 지원합니다.
708,81,25,1,rejected,프로젝트에 관심이 있어 지원합니다.
709,81,79,4,rejected,프로젝트에 관심이 있어 지원합니다.
710,214,35,4,pending,프로젝트에 관심이 있어 지원합니다.
711,242,39,3,rejected,프로젝트에 관심이 있어 지원합니다.
712,231,40,2,accepted,프로젝트에 관심이 있어 지원합니다.
713,214,1,4,rejected,프로젝트에 관심이 있어 지원합니다.
714,72,59,1,rejected,프로젝트에 관심이 있어 지원합니다.
715,104,27,1,rejected,프로젝트에 관심이 있어 지원합니다.
716,165,55,3,rejected,프로젝트에 관심이 있어 지원합니다.
717,286,72,5,accepted,프로젝트에 관심이 있어 지원합니다.
718,141,14,3,pending,프로젝트에 관심이 있어 지원합니다.
719,167,62,1,rejected,프로젝트에 관심이 있어 지원합니다.
720,200,63,5,pending,프로젝트에 관심이 있어 지원합니다.
721,193,8,4,accepted,프로젝트에 관심이 있어 지원합니다.
722,225,37,1,pending,프로젝트에 관심이 있어 지원합니다.
723,38,42,1,rejected,프로젝트에 관심이 있어 지원합니다.
724,154,74,1,pending,프로젝트에 관심이 있어 지원합니다.
725,225,32,2,rejected,프로젝트에 관심이 있어 지원합니다.
726,12,18,1,rejected,프로젝트에 관심이 있어 지원합니다.
727,161,47,2,rejected,프로젝트에 관심이 있어 지원합니다.
728,165,60,3,pending,프로젝트에 관심이 있어 지원합니다.
729,171,26,1,pending,프로젝트에 관심이 있어 지원합니다.
730,72,16,2,rejected,프로젝트에 관심이 있어 지원합니다.
731,203,63,5,pending,프로젝트에 관심이 있어 지원합니다.
732,192,3,1,rejected,프로젝트에 관심이 있어 지원합니다.
733,259,42,3,accepted,프로젝트에 관심이 있어 지원합니다.
734,35,10,1,accepted,프로젝트에 관심이 있어 지원합니다.
735,273,21,5,pending,프로젝트에 관심이 있어 지원합니다.
736,98,10,5,rejected,프로젝트에 관심이 있어 지원합니다.
737,142,60,3,rejected,프로젝트에 관심이 있어 지원합니다.
738,38,24,2,rejected,프로젝트에 관심이 있어 지원합니다.
739,233,68,1,rejected,프로젝트에 관심이 있어 지원합니다.
740,206,74,5,accepted,프로젝트에 관심이 있어 지원합니다.
741,10,2,1,pending,프로젝트에 관심이 있어 지원합니다.
742,300,42,3,accepted,프로젝트에 관심이 있어 지원합니다.
743,103,74,2,rejected,프로젝트에 관심이 있어 지원합니다.
744,97,19,2,pending,프로젝트에 관심이 있어 지원합니다.
745,52,4,1,pending,프로젝트에 관심이 있어 지원합니다.
746,277,45,3,rejected,프로젝트에 관심이 있어 지원합니다.
747,162,30,3,pending,프로젝트에 관심이 있어 지원합니다.
748,120,28,1,rejected,프로젝트에 관심이 있어 지원합니다.
749,71,57,1,pending,프로젝트에 관심이 있어 지원합니다.
750,195,7,5,accepted,프로젝트에 관심이 있어 지원합니다.
751,102,27,2,pending,프로젝트에 관심이 있어 지원합니다.
752,260,75,1,rejected,프로젝트에 관심이 있어 지원합니다.
753,84,27,4,accepted,프로젝트에 관심이 있어 지원합니다.
754,213,25,1,pending,프로젝트에 관심이 있어 지원합니다.
755,260,47,1,rejected,프로젝트에 관심이 있어 지원합니다.
756,4,49,2,rejected,프로젝트에 관심이 있어 지원합니다.
757,52,46,5,pending,프로젝트에 관심이 있어 지원합니다.
758,154,30,1,rejected,프로젝트에 관심이 있어 지원합니다.
759,200,61,2,rejected,프로젝트에 관심이 있어 지원합니다.
760,24,19,2,rejected,프로젝트에 관심이 있어 지원합니다.
761,290,2,1,rejected,프로젝트에 관심이 있어 지원합니다.
762,32,77,3,rejected,프로젝트에 관심이 있어 지원합니다.
763,191,80,5,pending,프로젝트에 관심이 있어 지원합니다.
764,78,24,1,accepted,프로젝트에 관심이 있어 지원합니다.
765,84,4,3,rejected,프로젝트에 관심이 있어 지원합니다.
766,165,4,3,rejected,프로젝트에 관심이 있어 지원합니다.
767,15,61,1,rejected,프로젝트에 관심이 있어 지원합니다.
768,277,49,1,rejected,프로젝트에 관심이 있어 지원합니다.
769,81,13,1,pending,프로젝트에 관심이 있어 지원합니다.
770,58,61,2,accepted,프로젝트에 관심이 있어 지원합니다.
771,275,57,3,rejected,프로젝트에 관심이 있어 지원합니다.
772,244,61,2,rejected,프로젝트에 관심이 있어 지원합니다.
773,66,42,3,accepted,프로젝트에 관심이 있어 지원합니다.
774,50,62,4,accepted,프로젝트에 관심이 있어 지원합니다.
775,101,17,1,rejected,프로젝트에 관심이 있어 지원합니다.
776,43,13,2,rejected,프로젝트에 관심이 있어 지원합니다.
777,54,32,2,rejected,프로젝트에 관심이 있어 지원합니다.
778,237,76,3,accepted,프로젝트에 관심이 있어 지원합니다.
779,68,42,1,rejected,프로젝트에 관심이 있어 지원합니다.
780,198,7,3,rejected,프로젝트에 관심이 있어 지원합니다.
781,8,19,4,pending,프로젝트에 관심이 있어 지원합니다.
782,166,2,2,rejected,프로젝트에 관심이 있어 지원합니다.
783,177,25,2,rejected,프로젝트에 관심이 있어 지원합니다.
784,110,59,5,rejected,프로젝트에 관심이 있어 지원합니다.
785,61,36,2,accepted,프로젝트에 관심이 있어 지원합니다.
786,131,44,3,rejected,프로젝트에 관심이 있어 지원합니다.
787,282,59,4,accepted,프로젝트에 관심이 있어 지원합니다.
788,33,47,1,accepted,프로젝트에 관심이 있어 지원합니다.
789,279,17,1,rejected,프로젝트에 관심이 있어 지원합니다.
790,282,38,3,pending,프로젝트에 관심이 있어 지원합니다.
791,158,58,5,pending,프로젝트에 관심이 있어 지원합니다.
792,94,51,4,rejected,프로젝트에 관심이 있어 지원합니다.
793,100,19,3,pending,프로젝트에 관심이 있어 지원합니다.
794,270,77,1,rejected,프로젝트에 관심이 있어 지원합니다.
795,273,47,2,rejected,프로젝트에 관심이 있어 지원합니다.
796,192,21,2,pending,프로젝트에 관심이 있어 지원합니다.
797,116,20,1,accepted,프로젝트에 관심이 있어 지원합니다.
798,143,7,5,rejected,프로젝트에 관심이 있어 지원합니다.
799,152,50,2,rejected,프로젝트에 관심이 있어 지원합니다.
800,165,18,3,rejected,프로젝트에 관심이 있어 지원합니다.
