id,user_id,project_id,score,skill_score,role_score,time_score,style_score,team_atmosphere_score,reason,created_at
1,241,1,80.29,85.71,100,100.0,0,100,요구 기술 일치도 높음 · 선호 역할 일치 · 활동 시간 충분,2026-06-02T00:01:00
2,237,1,76.97,78.57,100,100.0,100,100,요구 기술 일치도 높음 · 선호 역할 일치 · 활동 시간 충분,2026-06-02T00:02:00
3,139,1,72.91,71.43,100,100.0,100,0,요구 기술 일치도 높음 · 선호 역할 일치 · 활동 시간 충분,2026-06-02T00:03:00
4,185,1,71.58,64.29,100,68.42,0,100,요구 기술 일치도 높음 · 선호 역할 일치 · 팀 분위기 선호 일치,2026-06-02T00:04:00
5,48,1,70.27,78.57,100,100.0,0,0,요구 기술 일치도 높음 · 선호 역할 일치 · 활동 시간 충분,2026-06-02T00:05:00
6,198,2,70.61,76.92,100,100.0,100,0,요구 기술 일치도 높음 · 선호 역할 일치 · 활동 시간 충분,2026-06-02T00:06:00
7,30,2,69.42,61.54,100,100.0,0,0,요구 기술 일치도 높음 · 선호 역할 일치 · 활동 시간 충분,2026-06-02T00:07:00
8,2,2,68.89,61.54,100,80.0,100,0,요구 기술 일치도 높음 · 선호 역할 일치 · 관심 분야 일치,2026-06-02T00:08:00
9,163,2,66.27,76.92,100,85.0,0,0,요구 기술 일치도 높음 · 선호 역할 일치,2026-06-02T00:09:00
10,293,2,66.2,76.92,100,100.0,0,0,요구 기술 일치도 높음 · 선호 역할 일치 · 활동 시간 충분,2026-06-02T00:10:00
11,278,3,73.43,83.33,100,100.0,0,100,요구 기술 일치도 높음 · 선호 역할 일치 · 활동 시간 충분,2026-06-02T00:11:00
12,212,3,70.81,62.5,100,100.0,0,0,요구 기술 일치도 높음 · 선호 역할 일치 · 활동 시간 충분,2026-06-02T00:12:00
13,136,3,70.17,54.17,100,76.19,100,0,선호 역할 일치 · 관심 분야 일치 · 협업 스타일 일치,2026-06-02T00:13:00
14,242,3,66.55,62.5,100,100.0,0,0,요구 기술 일치도 높음 · 선호 역할 일치 · 활동 시간 충분,2026-06-02T00:14:00
15,250,3,65.73,54.17,100,47.62,100,100,선호 역할 일치 · 관심 분야 일치 · 협업 스타일 일치,2026-06-02T00:15:00
16,165,4,74.99,56.25,100,100.0,0,0,선호 역할 일치 · 활동 시간 충분 · 관심 분야 일치,2026-06-02T00:16:00
17,72,4,70.98,50.0,100,100.0,0,0,선호 역할 일치 · 활동 시간 충분 · 관심 분야 일치,2026-06-02T00:17:00
18,42,4,70.32,62.5,100,100.0,0,100,요구 기술 일치도 높음 · 선호 역할 일치 · 활동 시간 충분,2026-06-02T00:18:00
19,87,4,68.86,62.5,100,100.0,0,0,요구 기술 일치도 높음 · 선호 역할 일치 · 활동 시간 충분,2026-06-02T00:19:00
20,287,4,65.34,87.5,100,100.0,0,0,요구 기술 일치도 높음 · 선호 역할 일치 · 활동 시간 충분,2026-06-02T00:20:00
21,255,5,80.72,75.0,100,100.0,0,0,요구 기술 일치도 높음 · 선호 역할 일치 · 활동 시간 충분,2026-06-02T00:21:00
22,196,5,74.0,93.75,100,76.47,0,0,요구 기술 일치도 높음 · 선호 역할 일치,2026-06-02T00:22:00
23,15,5,69.21,75.0,100,100.0,100,0,요구 기술 일치도 높음 · 선호 역할 일치 · 활동 시간 충분,2026-06-02T00:23:00
24,244,5,68.07,81.25,100,82.35,0,0,요구 기술 일치도 높음 · 선호 역할 일치,2026-06-02T00:24:00
25,236,5,68.05,81.25,100,100.0,0,0,요구 기술 일치도 높음 · 선호 역할 일치 · 활동 시간 충분,2026-06-02T00:25:00
26,165,6,70.31,62.5,100,47.83,0,100,요구 기술 일치도 높음 · 선호 역할 일치 · 관심 분야 일치,2026-06-02T00:26:00
27,206,6,69.58,41.67,100,100.0,100,0,선호 역할 일치 · 활동 시간 충분 · 관심 분야 일치,2026-06-02T00:27:00
28,241,6,66.05,70.83,100,100.0,0,0,요구 기술 일치도 높음 · 선호 역할 일치 · 활동 시간 충분,2026-06-02T00:28:00
29,164,6,65.04,58.33,100,91.3,0,0,선호 역할 일치 · 관심 분야 일치,2026-06-02T00:29:00
30,237,6,64.78,54.17,100,100.0,100,0,선호 역할 일치 · 활동 시간 충분 · 관심 분야 일치,2026-06-02T00:30:00
31,105,7,74.44,56.25,100,100.0,100,100,선호 역할 일치 · 활동 시간 충분 · 관심 분야 일치,2026-06-02T00:31:00
32,167,7,70.25,62.5,100,100.0,0,0,요구 기술 일치도 높음 · 선호 역할 일치 · 활동 시간 충분,2026-06-02T00:32:00
33,258,7,69.19,87.5,100,70.59,100,100,요구 기술 일치도 높음 · 선호 역할 일치 · 협업 스타일 일치,2026-06-02T00:33:00
34,174,7,68.27,62.5,100,100.0,0,0,요구 기술 일치도 높음 · 선호 역할 일치 · 활동 시간 충분,2026-06-02T00:34:00
35,292,7,68.09,50.0,100,100.0,0,100,선호 역할 일치 · 활동 시간 충분 · 팀 분위기 선호 일치,2026-06-02T00:35:00
36,198,8,81.28,60.0,100,100.0,100,100,요구 기술 일치도 높음 · 선호 역할 일치 · 활동 시간 충분,2026-06-02T00:36:00
37,163,8,74.74,64.0,100,100.0,0,100,요구 기술 일치도 높음 · 선호 역할 일치 · 활동 시간 충분,2026-06-02T00:37:00
38,48,8,72.16,56.0,100,100.0,0,0,선호 역할 일치 · 활동 시간 충분 · 관심 분야 일치,2026-06-02T00:38:00
39,177,8,69.32,48.0,100,30.77,100,100,선호 역할 일치 · 관심 분야 일치 · 협업 스타일 일치,2026-06-02T00:39:00
40,149,8,67.54,68.0,100,100.0,0,100,요구 기술 일치도 높음 · 선호 역할 일치 · 활동 시간 충분,2026-06-02T00:40:00
41,198,9,77.95,68.42,100,100.0,0,0,요구 기술 일치도 높음 · 선호 역할 일치 · 활동 시간 충분,2026-06-02T00:41:00
42,185,9,71.36,63.16,100,100.0,0,0,요구 기술 일치도 높음 · 선호 역할 일치 · 활동 시간 충분,2026-06-02T00:42:00
43,1,9,70.87,63.16,100,100.0,0,100,요구 기술 일치도 높음 · 선호 역할 일치 · 활동 시간 충분,2026-06-02T00:43:00
44,33,9,70.22,68.42,100,100.0,100,0,요구 기술 일치도 높음 · 선호 역할 일치 · 활동 시간 충분,2026-06-02T00:44:00
45,149,9,69.93,68.42,100,100.0,100,0,요구 기술 일치도 높음 · 선호 역할 일치 · 활동 시간 충분,2026-06-02T00:45:00
46,166,10,71.77,66.67,100,100.0,0,0,요구 기술 일치도 높음 · 선호 역할 일치 · 활동 시간 충분,2026-06-02T00:46:00
47,208,10,70.82,53.33,100,100.0,0,100,선호 역할 일치 · 활동 시간 충분 · 관심 분야 일치,2026-06-02T00:47:00
48,246,10,70.71,73.33,100,100.0,0,0,요구 기술 일치도 높음 · 선호 역할 일치 · 활동 시간 충분,2026-06-02T00:48:00
49,196,10,69.9,73.33,100,100.0,0,0,요구 기술 일치도 높음 · 선호 역할 일치 · 활동 시간 충분,2026-06-02T00:49:00
50,121,10,67.11,60.0,100,66.67,100,0,요구 기술 일치도 높음 · 선호 역할 일치 · 관심 분야 일치,2026-06-02T00:50:00
51,155,11,74.38,78.57,100,100.0,100,0,요구 기술 일치도 높음 · 선호 역할 일치 · 활동 시간 충분,2026-06-02T00:51:00
52,294,11,71.75,57.14,100,100.0,100,100,선호 역할 일치 · 활동 시간 충분 · 협업 스타일 일치,2026-06-02T00:52:00
53,216,11,70.86,57.14,100,100.0,0,0,선호 역할 일치 · 활동 시간 충분 · 관심 분야 일치,2026-06-02T00:53:00
54,244,11,69.48,71.43,100,100.0,0,0,요구 기술 일치도 높음 · 선호 역할 일치 · 활동 시간 충분,2026-06-02T00:54:00
55,33,11,68.38,64.29,100,100.0,0,0,요구 기술 일치도 높음 · 선호 역할 일치 · 활동 시간 충분,2026-06-02T00:55:00
56,115,12,80.31,76.92,100,100.0,0,0,요구 기술 일치도 높음 · 선호 역할 일치 · 활동 시간 충분,2026-06-02T00:56:00
57,64,12,75.69,92.31,100,73.33,0,100,요구 기술 일치도 높음 · 선호 역할 일치 · 팀 분위기 선호 일치,2026-06-02T00:57:00
58,158,12,74.78,92.31,100,93.33,100,0,요구 기술 일치도 높음 · 선호 역할 일치 · 협업 스타일 일치,2026-06-02T00:58:00
59,239,12,70.75,61.54,100,100.0,0,0,요구 기술 일치도 높음 · 선호 역할 일치 · 활동 시간 충분,2026-06-02T00:59:00
60,126,12,69.39,61.54,100,100.0,0,0,요구 기술 일치도 높음 · 선호 역할 일치 · 활동 시간 충분,2026-06-02T01:00:00
61,131,13,72.39,70.59,100,89.47,100,0,요구 기술 일치도 높음 · 선호 역할 일치 · 협업 스타일 일치,2026-06-02T01:01:00
62,164,13,66.24,58.82,100,100.0,0,0,선호 역할 일치 · 활동 시간 충분,2026-06-02T01:02:00
63,174,13,65.31,70.59,100,100.0,0,100,요구 기술 일치도 높음 · 선호 역할 일치 · 활동 시간 충분,2026-06-02T01:03:00
64,78,13,65.21,52.94,100,89.47,100,0,선호 역할 일치 · 관심 분야 일치 · 협업 스타일 일치,2026-06-02T01:04:00
65,122,13,64.13,70.59,100,100.0,0,100,요구 기술 일치도 높음 · 선호 역할 일치 · 활동 시간 충분,2026-06-02T01:05:00
66,109,14,77.25,72.73,100,100.0,100,100,요구 기술 일치도 높음 · 선호 역할 일치 · 활동 시간 충분,2026-06-02T01:06:00
67,93,14,75.68,72.73,100,81.82,0,0,요구 기술 일치도 높음 · 선호 역할 일치 · 관심 분야 일치,2026-06-02T01:07:00
68,187,14,73.06,63.64,100,63.64,0,0,요구 기술 일치도 높음 · 선호 역할 일치 · 관심 분야 일치,2026-06-02T01:08:00
69,200,14,72.49,54.55,100,100.0,100,100,선호 역할 일치 · 활동 시간 충분 · 관심 분야 일치,2026-06-02T01:09:00
70,241,14,71.96,81.82,100,100.0,0,0,요구 기술 일치도 높음 · 선호 역할 일치 · 활동 시간 충분,2026-06-02T01:10:00
71,193,15,68.06,53.85,100,100.0,100,0,선호 역할 일치 · 활동 시간 충분 · 협업 스타일 일치,2026-06-02T01:11:00
72,122,15,66.26,38.46,100,100.0,100,0,선호 역할 일치 · 활동 시간 충분 · 협업 스타일 일치,2026-06-02T01:12:00
73,4,15,65.92,46.15,100,100.0,100,100,선호 역할 일치 · 활동 시간 충분 · 관심 분야 일치,2026-06-02T01:13:00
74,53,15,65.01,53.85,100,100.0,0,100,선호 역할 일치 · 활동 시간 충분 · 팀 분위기 선호 일치,2026-06-02T01:14:00
75,65,15,63.62,42.31,100,94.12,100,100,선호 역할 일치 · 협업 스타일 일치 · 팀 분위기 선호 일치,2026-06-02T01:15:00
76,236,16,76.31,76.47,100,100.0,0,0,요구 기술 일치도 높음 · 선호 역할 일치 · 활동 시간 충분,2026-06-02T01:16:00
77,174,16,68.62,64.71,100,100.0,0,100,요구 기술 일치도 높음 · 선호 역할 일치 · 활동 시간 충분,2026-06-02T01:17:00
78,284,16,68.3,58.82,100,86.96,100,100,선호 역할 일치 · 협업 스타일 일치 · 팀 분위기 선호 일치,2026-06-02T01:18:00
79,53,16,66.96,76.47,100,100.0,0,0,요구 기술 일치도 높음 · 선호 역할 일치 · 활동 시간 충분,2026-06-02T01:19:00
80,220,16,65.11,70.59,100,82.61,0,0,요구 기술 일치도 높음 · 선호 역할 일치,2026-06-02T01:20:00
81,265,17,70.2,61.9,100,69.23,0,0,요구 기술 일치도 높음 · 선호 역할 일치 · 관심 분야 일치,2026-06-02T01:21:00
82,163,17,68.77,57.14,100,100.0,100,0,선호 역할 일치 · 활동 시간 충분 · 협업 스타일 일치,2026-06-02T01:22:00
83,58,17,67.97,66.67,100,100.0,0,0,요구 기술 일치도 높음 · 선호 역할 일치 · 활동 시간 충분,2026-06-02T01:23:00
84,187,17,67.45,71.43,100,100.0,0,0,요구 기술 일치도 높음 · 선호 역할 일치 · 활동 시간 충분,2026-06-02T01:24:00
85,185,17,66.68,52.38,100,100.0,0,100,선호 역할 일치 · 활동 시간 충분 · 관심 분야 일치,2026-06-02T01:25:00
86,287,18,73.22,81.82,100,100.0,0,0,요구 기술 일치도 높음 · 선호 역할 일치 · 활동 시간 충분,2026-06-02T01:26:00
87,22,18,72.33,63.64,100,100.0,100,0,요구 기술 일치도 높음 · 선호 역할 일치 · 활동 시간 충분,2026-06-02T01:27:00
88,34,18,70.9,68.18,100,80.0,0,0,요구 기술 일치도 높음 · 선호 역할 일치,2026-06-02T01:28:00
89,129,18,67.78,63.64,100,100.0,100,0,요구 기술 일치도 높음 · 선호 역할 일치 · 활동 시간 충분,2026-06-02T01:29:00
90,175,18,67.35,54.55,100,100.0,0,0,선호 역할 일치 · 활동 시간 충분 · 관심 분야 일치,2026-06-02T01:30:00
91,196,19,78.79,76.47,100,100.0,0,100,요구 기술 일치도 높음 · 선호 역할 일치 · 활동 시간 충분,2026-06-02T01:31:00
92,220,19,68.66,52.94,100,100.0,0,0,선호 역할 일치 · 활동 시간 충분 · 관심 분야 일치,2026-06-02T01:32:00
93,59,19,68.25,52.94,100,100.0,100,100,선호 역할 일치 · 활동 시간 충분 · 협업 스타일 일치,2026-06-02T01:33:00
94,245,19,68.21,52.94,100,100.0,100,100,선호 역할 일치 · 활동 시간 충분 · 협업 스타일 일치,2026-06-02T01:34:00
95,248,19,67.97,52.94,100,100.0,100,0,선호 역할 일치 · 활동 시간 충분 · 관심 분야 일치,2026-06-02T01:35:00
96,241,20,70.15,58.33,100,100.0,0,0,선호 역할 일치 · 활동 시간 충분,2026-06-02T01:36:00
97,257,20,69.58,58.33,100,100.0,0,100,선호 역할 일치 · 활동 시간 충분 · 팀 분위기 선호 일치,2026-06-02T01:37:00
98,253,20,68.37,58.33,100,100.0,100,100,선호 역할 일치 · 활동 시간 충분 · 협업 스타일 일치,2026-06-02T01:38:00
99,260,20,66.56,58.33,100,100.0,0,0,선호 역할 일치 · 활동 시간 충분,2026-06-02T01:39:00
100,193,20,66.1,50.0,100,100.0,0,100,선호 역할 일치 · 활동 시간 충분 · 관심 분야 일치,2026-06-02T01:40:00
101,17,21,70.43,68.18,100,100.0,0,100,요구 기술 일치도 높음 · 선호 역할 일치 · 활동 시간 충분,2026-06-02T01:41:00
102,25,21,67.66,68.18,100,100.0,0,100,요구 기술 일치도 높음 · 선호 역할 일치 · 활동 시간 충분,2026-06-02T01:42:00
103,196,21,66.67,77.27,100,56.52,0,0,요구 기술 일치도 높음 · 선호 역할 일치,2026-06-02T01:43:00
104,139,21,66.45,59.09,100,95.65,0,0,선호 역할 일치,2026-06-02T01:44:00
105,234,21,65.9,40.91,100,100.0,0,100,선호 역할 일치 · 활동 시간 충분 · 관심 분야 일치,2026-06-02T01:45:00
106,190,22,78.06,77.78,100,100.0,0,0,요구 기술 일치도 높음 · 선호 역할 일치 · 활동 시간 충분,2026-06-02T01:46:00
107,57,22,75.41,72.22,100,100.0,0,0,요구 기술 일치도 높음 · 선호 역할 일치 · 활동 시간 충분,2026-06-02T01:47:00
108,281,22,73.39,66.67,100,100.0,100,0,요구 기술 일치도 높음 · 선호 역할 일치 · 활동 시간 충분,2026-06-02T01:48:00
109,232,22,72.6,77.78,100,80.0,0,0,요구 기술 일치도 높음 · 선호 역할 일치,2026-06-02T01:49:00
110,181,22,71.84,72.22,100,100.0,0,0,요구 기술 일치도 높음 · 선호 역할 일치 · 활동 시간 충분,2026-06-02T01:50:00
111,15,23,76.37,78.57,100,100.0,100,0,요구 기술 일치도 높음 · 선호 역할 일치 · 활동 시간 충분,2026-06-02T01:51:00
112,176,23,68.26,78.57,100,100.0,0,0,요구 기술 일치도 높음 · 선호 역할 일치 · 활동 시간 충분,2026-06-02T01:52:00
113,64,23,67.82,78.57,100,61.11,0,0,요구 기술 일치도 높음 · 선호 역할 일치,2026-06-02T01:53:00
114,120,23,67.1,42.86,100,100.0,0,0,선호 역할 일치 · 활동 시간 충분 · 관심 분야 일치,2026-06-02T01:54:00
115,261,23,66.86,57.14,100,77.78,100,100,선호 역할 일치 · 협업 스타일 일치 · 팀 분위기 선호 일치,2026-06-02T01:55:00
116,131,24,83.93,80.0,100,100.0,100,0,요구 기술 일치도 높음 · 선호 역할 일치 · 활동 시간 충분,2026-06-02T01:56:00
117,175,24,76.84,80.0,100,100.0,100,100,요구 기술 일치도 높음 · 선호 역할 일치 · 활동 시간 충분,2026-06-02T01:57:00
118,79,24,76.65,80.0,100,100.0,0,100,요구 기술 일치도 높음 · 선호 역할 일치 · 활동 시간 충분,2026-06-02T01:58:00
119,64,24,75.19,70.0,100,64.71,100,100,요구 기술 일치도 높음 · 선호 역할 일치 · 관심 분야 일치,2026-06-02T01:59:00
120,260,24,74.52,70.0,100,100.0,0,0,요구 기술 일치도 높음 · 선호 역할 일치 · 활동 시간 충분,2026-06-02T02:00:00
121,241,25,71.03,63.64,100,100.0,0,100,요구 기술 일치도 높음 · 선호 역할 일치 · 활동 시간 충분,2026-06-02T02:01:00
122,220,25,70.4,45.45,100,100.0,0,0,선호 역할 일치 · 활동 시간 충분 · 관심 분야 일치,2026-06-02T02:02:00
123,155,25,69.07,72.73,100,100.0,100,100,요구 기술 일치도 높음 · 선호 역할 일치 · 활동 시간 충분,2026-06-02T02:03:00
124,221,25,69.06,63.64,100,100.0,0,100,요구 기술 일치도 높음 · 선호 역할 일치 · 활동 시간 충분,2026-06-02T02:04:00
125,298,25,68.16,54.55,100,86.67,100,0,선호 역할 일치 · 관심 분야 일치 · 협업 스타일 일치,2026-06-02T02:05:00
126,163,26,78.91,69.57,100,94.44,100,100,요구 기술 일치도 높음 · 선호 역할 일치 · 협업 스타일 일치,2026-06-02T02:06:00
127,130,26,70.68,47.83,100,94.44,100,100,선호 역할 일치 · 관심 분야 일치 · 협업 스타일 일치,2026-06-02T02:07:00
128,257,26,69.88,78.26,100,100.0,0,0,요구 기술 일치도 높음 · 선호 역할 일치 · 활동 시간 충분,2026-06-02T02:08:00
129,139,26,68.24,56.52,100,100.0,0,100,선호 역할 일치 · 활동 시간 충분 · 팀 분위기 선호 일치,2026-06-02T02:09:00
130,53,26,66.37,60.87,100,100.0,100,0,요구 기술 일치도 높음 · 선호 역할 일치 · 활동 시간 충분,2026-06-02T02:10:00
131,287,27,76.98,92.31,100,100.0,0,0,요구 기술 일치도 높음 · 선호 역할 일치 · 활동 시간 충분,2026-06-02T02:11:00
132,163,27,69.99,76.92,100,100.0,0,100,요구 기술 일치도 높음 · 선호 역할 일치 · 활동 시간 충분,2026-06-02T02:12:00
133,258,27,69.76,53.85,100,85.71,0,0,선호 역할 일치,2026-06-02T02:13:00
134,130,27,69.37,46.15,100,100.0,0,100,선호 역할 일치 · 활동 시간 충분 · 관심 분야 일치,2026-06-02T02:14:00
135,244,27,68.83,61.54,100,100.0,0,0,요구 기술 일치도 높음 · 선호 역할 일치 · 활동 시간 충분,2026-06-02T02:15:00
136,292,28,84.2,91.67,100,100.0,0,0,요구 기술 일치도 높음 · 선호 역할 일치 · 활동 시간 충분,2026-06-02T02:16:00
137,131,28,82.6,91.67,100,100.0,0,100,요구 기술 일치도 높음 · 선호 역할 일치 · 활동 시간 충분,2026-06-02T02:17:00
138,65,28,73.49,83.33,100,100.0,0,100,요구 기술 일치도 높음 · 선호 역할 일치 · 활동 시간 충분,2026-06-02T02:18:00
139,16,28,72.73,83.33,100,66.67,0,0,요구 기술 일치도 높음 · 선호 역할 일치 · 관심 분야 일치,2026-06-02T02:19:00
140,123,28,72.66,83.33,100,80.0,0,100,요구 기술 일치도 높음 · 선호 역할 일치 · 팀 분위기 선호 일치,2026-06-02T02:20:00
141,287,29,75.44,100.0,100,100.0,0,100,요구 기술 일치도 높음 · 선호 역할 일치 · 활동 시간 충분,2026-06-02T02:21:00
142,1,29,70.53,76.92,100,100.0,0,0,요구 기술 일치도 높음 · 선호 역할 일치 · 활동 시간 충분,2026-06-02T02:22:00
143,114,29,69.57,76.92,100,100.0,0,0,요구 기술 일치도 높음 · 선호 역할 일치 · 활동 시간 충분,2026-06-02T02:23:00
144,163,29,68.8,69.23,100,100.0,0,0,요구 기술 일치도 높음 · 선호 역할 일치 · 활동 시간 충분,2026-06-02T02:24:00
145,258,29,68.28,61.54,100,100.0,0,100,요구 기술 일치도 높음 · 선호 역할 일치 · 활동 시간 충분,2026-06-02T02:25:00
146,62,30,71.84,86.67,100,83.33,0,0,요구 기술 일치도 높음 · 선호 역할 일치,2026-06-02T02:26:00
147,48,30,70.58,80.0,100,100.0,0,100,요구 기술 일치도 높음 · 선호 역할 일치 · 활동 시간 충분,2026-06-02T02:27:00
148,53,30,70.51,73.33,100,100.0,0,0,요구 기술 일치도 높음 · 선호 역할 일치 · 활동 시간 충분,2026-06-02T02:28:00
149,125,30,68.31,60.0,100,100.0,0,0,요구 기술 일치도 높음 · 선호 역할 일치 · 활동 시간 충분,2026-06-02T02:29:00
150,193,30,67.79,46.67,100,100.0,100,0,선호 역할 일치 · 활동 시간 충분 · 관심 분야 일치,2026-06-02T02:30:00
151,289,31,70.29,42.86,100,76.0,100,100,선호 역할 일치 · 관심 분야 일치 · 협업 스타일 일치,2026-06-02T02:31:00
152,240,31,70.05,57.14,100,100.0,0,100,선호 역할 일치 · 활동 시간 충분 · 관심 분야 일치,2026-06-02T02:32:00
153,58,31,69.1,57.14,100,100.0,100,100,선호 역할 일치 · 활동 시간 충분 · 관심 분야 일치,2026-06-02T02:33:00
154,79,31,64.11,71.43,100,96.0,0,0,요구 기술 일치도 높음 · 선호 역할 일치,2026-06-02T02:34:00
155,206,31,61.79,57.14,100,96.0,0,100,선호 역할 일치 · 팀 분위기 선호 일치,2026-06-02T02:35:00
156,18,32,76.93,77.78,100,100.0,100,100,요구 기술 일치도 높음 · 선호 역할 일치 · 활동 시간 충분,2026-06-02T02:36:00
157,244,32,76.79,77.78,100,100.0,0,100,요구 기술 일치도 높음 · 선호 역할 일치 · 활동 시간 충분,2026-06-02T02:37:00
158,266,32,75.27,72.22,100,100.0,100,0,요구 기술 일치도 높음 · 선호 역할 일치 · 활동 시간 충분,2026-06-02T02:38:00
159,210,32,73.92,72.22,100,100.0,100,0,요구 기술 일치도 높음 · 선호 역할 일치 · 활동 시간 충분,2026-06-02T02:39:00
160,197,32,71.58,66.67,100,100.0,0,0,요구 기술 일치도 높음 · 선호 역할 일치 · 활동 시간 충분,2026-06-02T02:40:00
161,139,33,79.59,75.0,100,100.0,100,0,요구 기술 일치도 높음 · 선호 역할 일치 · 활동 시간 충분,2026-06-02T02:41:00
162,196,33,73.21,87.5,100,68.42,100,0,요구 기술 일치도 높음 · 선호 역할 일치 · 협업 스타일 일치,2026-06-02T02:42:00
163,287,33,67.73,62.5,100,89.47,100,0,요구 기술 일치도 높음 · 선호 역할 일치 · 협업 스타일 일치,2026-06-02T02:43:00
164,166,33,67.06,75.0,100,100.0,0,100,요구 기술 일치도 높음 · 선호 역할 일치 · 활동 시간 충분,2026-06-02T02:44:00
165,161,33,65.8,75.0,100,100.0,0,0,요구 기술 일치도 높음 · 선호 역할 일치 · 활동 시간 충분,2026-06-02T02:45:00
166,296,34,80.35,72.73,100,100.0,100,0,요구 기술 일치도 높음 · 선호 역할 일치 · 활동 시간 충분,2026-06-02T02:46:00
167,17,34,76.06,81.82,100,100.0,100,0,요구 기술 일치도 높음 · 선호 역할 일치 · 활동 시간 충분,2026-06-02T02:47:00
168,84,34,75.58,63.64,100,100.0,100,100,요구 기술 일치도 높음 · 선호 역할 일치 · 활동 시간 충분,2026-06-02T02:48:00
169,207,34,71.97,63.64,100,100.0,0,100,요구 기술 일치도 높음 · 선호 역할 일치 · 활동 시간 충분,2026-06-02T02:49:00
170,299,34,71.89,63.64,100,100.0,100,0,요구 기술 일치도 높음 · 선호 역할 일치 · 활동 시간 충분,2026-06-02T02:50:00
171,210,35,77.86,61.11,100,100.0,0,0,요구 기술 일치도 높음 · 선호 역할 일치 · 활동 시간 충분,2026-06-02T02:51:00
172,244,35,74.57,61.11,100,100.0,100,0,요구 기술 일치도 높음 · 선호 역할 일치 · 활동 시간 충분,2026-06-02T02:52:00
173,236,35,68.65,72.22,100,100.0,100,0,요구 기술 일치도 높음 · 선호 역할 일치 · 활동 시간 충분,2026-06-02T02:53:00
174,166,35,67.8,50.0,100,100.0,0,100,선호 역할 일치 · 활동 시간 충분 · 팀 분위기 선호 일치,2026-06-02T02:54:00
175,102,35,65.84,33.33,100,100.0,100,100,선호 역할 일치 · 활동 시간 충분 · 협업 스타일 일치,2026-06-02T02:55:00
176,149,36,80.54,61.54,100,100.0,100,100,요구 기술 일치도 높음 · 선호 역할 일치 · 활동 시간 충분,2026-06-02T02:56:00
177,86,36,71.72,46.15,100,100.0,0,100,선호 역할 일치 · 활동 시간 충분 · 관심 분야 일치,2026-06-02T02:57:00
178,185,36,69.92,53.85,100,92.86,0,0,선호 역할 일치 · 관심 분야 일치,2026-06-02T02:58:00
179,218,36,67.04,46.15,100,100.0,0,0,선호 역할 일치 · 활동 시간 충분,2026-06-02T02:59:00
180,32,36,64.55,50.0,100,100.0,100,100,선호 역할 일치 · 활동 시간 충분 · 협업 스타일 일치,2026-06-02T03:00:00
181,25,37,68.57,80.0,100,100.0,0,0,요구 기술 일치도 높음 · 선호 역할 일치 · 활동 시간 충분,2026-06-02T03:01:00
182,138,37,67.93,66.67,100,100.0,0,0,요구 기술 일치도 높음 · 선호 역할 일치 · 활동 시간 충분,2026-06-02T03:02:00
183,135,37,67.9,53.33,100,100.0,0,100,선호 역할 일치 · 활동 시간 충분 · 관심 분야 일치,2026-06-02T03:03:00
184,250,37,66.87,80.0,100,90.91,0,0,요구 기술 일치도 높음 · 선호 역할 일치,2026-06-02T03:04:00
185,298,37,66.82,60.0,100,100.0,0,100,요구 기술 일치도 높음 · 선호 역할 일치 · 활동 시간 충분,2026-06-02T03:05:00
186,8,38,73.51,66.67,100,90.0,100,100,요구 기술 일치도 높음 · 선호 역할 일치 · 협업 스타일 일치,2026-06-02T03:06:00
187,107,38,70.82,80.0,100,100.0,0,0,요구 기술 일치도 높음 · 선호 역할 일치 · 활동 시간 충분,2026-06-02T03:07:00
188,112,38,68.75,40.0,100,100.0,0,0,선호 역할 일치 · 활동 시간 충분 · 관심 분야 일치,2026-06-02T03:08:00
189,115,38,67.56,46.67,100,100.0,0,0,선호 역할 일치 · 활동 시간 충분 · 관심 분야 일치,2026-06-02T03:09:00
190,46,38,66.82,26.67,100,100.0,0,100,선호 역할 일치 · 활동 시간 충분 · 관심 분야 일치,2026-06-02T03:10:00
191,216,39,68.72,62.5,100,100.0,100,100,요구 기술 일치도 높음 · 선호 역할 일치 · 활동 시간 충분,2026-06-02T03:11:00
192,60,39,68.61,56.25,100,100.0,100,100,선호 역할 일치 · 활동 시간 충분 · 협업 스타일 일치,2026-06-02T03:12:00
193,86,39,67.51,68.75,100,100.0,0,0,요구 기술 일치도 높음 · 선호 역할 일치 · 활동 시간 충분,2026-06-02T03:13:00
194,190,39,66.39,68.75,100,91.67,100,0,요구 기술 일치도 높음 · 선호 역할 일치 · 협업 스타일 일치,2026-06-02T03:14:00
195,295,39,65.93,62.5,100,95.83,100,0,요구 기술 일치도 높음 · 선호 역할 일치 · 협업 스타일 일치,2026-06-02T03:15:00
196,242,40,77.78,57.14,100,100.0,100,100,선호 역할 일치 · 활동 시간 충분 · 관심 분야 일치,2026-06-02T03:16:00
197,105,40,75.19,57.14,100,100.0,0,100,선호 역할 일치 · 활동 시간 충분 · 팀 분위기 선호 일치,2026-06-02T03:17:00
198,125,40,74.09,64.29,100,100.0,0,0,요구 기술 일치도 높음 · 선호 역할 일치 · 활동 시간 충분,2026-06-02T03:18:00
199,79,40,73.77,64.29,100,100.0,100,100,요구 기술 일치도 높음 · 선호 역할 일치 · 활동 시간 충분,2026-06-02T03:19:00
200,227,40,73.04,85.71,100,100.0,0,0,요구 기술 일치도 높음 · 선호 역할 일치 · 활동 시간 충분,2026-06-02T03:20:00
201,112,41,72.74,64.71,100,61.9,0,100,요구 기술 일치도 높음 · 선호 역할 일치 · 팀 분위기 선호 일치,2026-06-02T03:21:00
202,242,41,69.82,58.82,100,100.0,100,0,선호 역할 일치 · 활동 시간 충분 · 협업 스타일 일치,2026-06-02T03:22:00
203,148,41,66.12,52.94,100,100.0,100,100,선호 역할 일치 · 활동 시간 충분 · 협업 스타일 일치,2026-06-02T03:23:00
204,139,41,65.99,70.59,100,100.0,0,100,요구 기술 일치도 높음 · 선호 역할 일치 · 활동 시간 충분,2026-06-02T03:24:00
205,207,41,65.82,70.59,100,42.86,0,100,요구 기술 일치도 높음 · 선호 역할 일치 · 팀 분위기 선호 일치,2026-06-02T03:25:00
206,155,42,82.49,85.71,100,100.0,0,0,요구 기술 일치도 높음 · 선호 역할 일치 · 활동 시간 충분,2026-06-02T03:26:00
207,98,42,74.65,66.67,100,100.0,100,100,요구 기술 일치도 높음 · 선호 역할 일치 · 활동 시간 충분,2026-06-02T03:27:00
208,158,42,69.07,71.43,100,93.33,100,0,요구 기술 일치도 높음 · 선호 역할 일치 · 협업 스타일 일치,2026-06-02T03:28:00
209,1,42,67.86,57.14,100,66.67,0,100,선호 역할 일치 · 관심 분야 일치 · 팀 분위기 선호 일치,2026-06-02T03:29:00
210,173,42,66.42,85.71,100,33.33,100,0,요구 기술 일치도 높음 · 선호 역할 일치 · 협업 스타일 일치,2026-06-02T03:30:00
211,139,43,77.95,76.92,100,100.0,100,0,요구 기술 일치도 높음 · 선호 역할 일치 · 활동 시간 충분,2026-06-02T03:31:00
212,94,43,74.07,61.54,100,100.0,0,0,요구 기술 일치도 높음 · 선호 역할 일치 · 활동 시간 충분,2026-06-02T03:32:00
213,167,43,73.26,76.92,100,100.0,0,0,요구 기술 일치도 높음 · 선호 역할 일치 · 활동 시간 충분,2026-06-02T03:33:00
214,109,43,73.14,76.92,100,100.0,100,0,요구 기술 일치도 높음 · 선호 역할 일치 · 활동 시간 충분,2026-06-02T03:34:00
215,116,43,71.79,76.92,100,100.0,0,0,요구 기술 일치도 높음 · 선호 역할 일치 · 활동 시간 충분,2026-06-02T03:35:00
216,126,44,77.64,61.54,100,100.0,100,0,요구 기술 일치도 높음 · 선호 역할 일치 · 활동 시간 충분,2026-06-02T03:36:00
217,21,44,76.61,76.92,100,100.0,0,0,요구 기술 일치도 높음 · 선호 역할 일치 · 활동 시간 충분,2026-06-02T03:37:00
218,154,44,73.55,76.92,100,100.0,100,0,요구 기술 일치도 높음 · 선호 역할 일치 · 활동 시간 충분,2026-06-02T03:38:00
219,53,44,68.35,69.23,100,100.0,100,0,요구 기술 일치도 높음 · 선호 역할 일치 · 활동 시간 충분,2026-06-02T03:39:00
220,64,44,66.61,61.54,100,100.0,0,100,요구 기술 일치도 높음 · 선호 역할 일치 · 활동 시간 충분,2026-06-02T03:40:00
221,139,45,79.71,73.68,100,100.0,100,0,요구 기술 일치도 높음 · 선호 역할 일치 · 활동 시간 충분,2026-06-02T03:41:00
222,257,45,72.09,63.16,100,100.0,0,0,요구 기술 일치도 높음 · 선호 역할 일치 · 활동 시간 충분,2026-06-02T03:42:00
223,277,45,69.15,68.42,100,100.0,0,0,요구 기술 일치도 높음 · 선호 역할 일치 · 활동 시간 충분,2026-06-02T03:43:00
224,241,45,68.69,73.68,100,100.0,0,0,요구 기술 일치도 높음 · 선호 역할 일치 · 활동 시간 충분,2026-06-02T03:44:00
225,48,45,68.06,78.95,100,95.0,0,100,요구 기술 일치도 높음 · 선호 역할 일치 · 팀 분위기 선호 일치,2026-06-02T03:45:00
226,200,46,67.7,61.11,100,100.0,0,100,요구 기술 일치도 높음 · 선호 역할 일치 · 활동 시간 충분,2026-06-02T03:46:00
227,241,46,67.64,44.44,100,100.0,0,0,선호 역할 일치 · 활동 시간 충분 · 관심 분야 일치,2026-06-02T03:47:00
228,25,46,67.15,50.0,100,100.0,100,100,선호 역할 일치 · 활동 시간 충분 · 협업 스타일 일치,2026-06-02T03:48:00
229,87,46,67.09,55.56,100,100.0,0,100,선호 역할 일치 · 활동 시간 충분 · 관심 분야 일치,2026-06-02T03:49:00
230,273,46,66.13,55.56,100,78.57,0,100,선호 역할 일치 · 팀 분위기 선호 일치,2026-06-02T03:50:00
231,145,47,78.11,76.47,100,100.0,0,0,요구 기술 일치도 높음 · 선호 역할 일치 · 활동 시간 충분,2026-06-02T03:51:00
232,279,47,70.89,58.82,100,88.24,100,0,선호 역할 일치 · 관심 분야 일치 · 협업 스타일 일치,2026-06-02T03:52:00
233,234,47,68.05,58.82,100,100.0,100,100,선호 역할 일치 · 활동 시간 충분 · 협업 스타일 일치,2026-06-02T03:53:00
234,64,47,67.56,76.47,100,64.71,0,0,요구 기술 일치도 높음 · 선호 역할 일치,2026-06-02T03:54:00
235,21,47,66.58,47.06,100,100.0,0,100,선호 역할 일치 · 활동 시간 충분 · 관심 분야 일치,2026-06-02T03:55:00
236,98,48,71.97,47.37,100,100.0,0,0,선호 역할 일치 · 활동 시간 충분 · 관심 분야 일치,2026-06-02T03:56:00
237,131,48,70.07,68.42,100,100.0,100,0,요구 기술 일치도 높음 · 선호 역할 일치 · 활동 시간 충분,2026-06-02T03:57:00
238,216,48,66.94,57.89,100,100.0,100,0,선호 역할 일치 · 활동 시간 충분 · 협업 스타일 일치,2026-06-02T03:58:00
239,255,48,64.81,42.11,100,100.0,0,0,선호 역할 일치 · 활동 시간 충분 · 관심 분야 일치,2026-06-02T03:59:00
240,175,48,63.49,57.89,100,100.0,100,0,선호 역할 일치 · 활동 시간 충분 · 협업 스타일 일치,2026-06-02T04:00:00
241,125,49,83.33,90.91,100,100.0,100,0,요구 기술 일치도 높음 · 선호 역할 일치 · 활동 시간 충분,2026-06-02T04:01:00
242,227,49,75.36,72.73,100,100.0,100,100,요구 기술 일치도 높음 · 선호 역할 일치 · 활동 시간 충분,2026-06-02T04:02:00
243,212,49,75.13,90.91,100,100.0,0,0,요구 기술 일치도 높음 · 선호 역할 일치 · 활동 시간 충분,2026-06-02T04:03:00
244,82,49,71.54,72.73,100,100.0,0,0,요구 기술 일치도 높음 · 선호 역할 일치 · 활동 시간 충분,2026-06-02T04:04:00
245,33,49,70.62,63.64,100,100.0,0,100,요구 기술 일치도 높음 · 선호 역할 일치 · 활동 시간 충분,2026-06-02T04:05:00
246,26,50,75.51,83.33,100,95.0,0,0,요구 기술 일치도 높음 · 선호 역할 일치,2026-06-02T04:06:00
247,250,50,71.09,83.33,100,50.0,100,0,요구 기술 일치도 높음 · 선호 역할 일치 · 협업 스타일 일치,2026-06-02T04:07:00
248,92,50,69.44,66.67,100,85.0,0,0,요구 기술 일치도 높음 · 선호 역할 일치 · 관심 분야 일치,2026-06-02T04:08:00
249,98,50,69.23,72.22,100,100.0,100,100,요구 기술 일치도 높음 · 선호 역할 일치 · 활동 시간 충분,2026-06-02T04:09:00
250,196,50,69.09,83.33,100,65.0,100,0,요구 기술 일치도 높음 · 선호 역할 일치 · 협업 스타일 일치,2026-06-02T04:10:00
251,86,51,70.42,65.0,100,100.0,100,0,요구 기술 일치도 높음 · 선호 역할 일치 · 활동 시간 충분,2026-06-02T04:11:00
252,9,51,67.62,60.0,100,100.0,0,0,요구 기술 일치도 높음 · 선호 역할 일치 · 활동 시간 충분,2026-06-02T04:12:00
253,70,51,67.08,60.0,100,100.0,100,0,요구 기술 일치도 높음 · 선호 역할 일치 · 활동 시간 충분,2026-06-02T04:13:00
254,135,51,66.4,65.0,100,100.0,0,0,요구 기술 일치도 높음 · 선호 역할 일치 · 활동 시간 충분,2026-06-02T04:14:00
255,92,51,66.34,60.0,100,100.0,0,0,요구 기술 일치도 높음 · 선호 역할 일치 · 활동 시간 충분,2026-06-02T04:15:00
256,257,52,71.15,69.23,100,100.0,0,100,요구 기술 일치도 높음 · 선호 역할 일치 · 활동 시간 충분,2026-06-02T04:16:00
257,64,52,68.87,76.92,100,73.33,0,0,요구 기술 일치도 높음 · 선호 역할 일치,2026-06-02T04:17:00
258,196,52,68.62,76.92,100,86.67,0,0,요구 기술 일치도 높음 · 선호 역할 일치 · 관심 분야 일치,2026-06-02T04:18:00
259,8,52,67.92,69.23,100,60.0,0,100,요구 기술 일치도 높음 · 선호 역할 일치 · 팀 분위기 선호 일치,2026-06-02T04:19:00
260,237,52,66.13,53.85,100,100.0,0,0,선호 역할 일치 · 활동 시간 충분 · 관심 분야 일치,2026-06-02T04:20:00
261,53,53,76.65,66.67,100,100.0,100,100,요구 기술 일치도 높음 · 선호 역할 일치 · 활동 시간 충분,2026-06-02T04:21:00
262,166,53,72.38,66.67,100,100.0,100,0,요구 기술 일치도 높음 · 선호 역할 일치 · 활동 시간 충분,2026-06-02T04:22:00
263,278,53,68.61,60.0,100,92.0,100,100,요구 기술 일치도 높음 · 선호 역할 일치 · 협업 스타일 일치,2026-06-02T04:23:00
264,163,53,64.27,66.67,100,68.0,100,0,요구 기술 일치도 높음 · 선호 역할 일치 · 협업 스타일 일치,2026-06-02T04:24:00
265,48,53,63.27,73.33,100,76.0,100,0,요구 기술 일치도 높음 · 선호 역할 일치 · 협업 스타일 일치,2026-06-02T04:25:00
266,100,54,70.56,53.57,100,100.0,100,0,선호 역할 일치 · 활동 시간 충분 · 관심 분야 일치,2026-06-02T04:26:00
267,79,54,67.0,53.57,100,100.0,100,0,선호 역할 일치 · 활동 시간 충분 · 관심 분야 일치,2026-06-02T04:27:00
268,131,54,66.83,67.86,100,100.0,0,0,요구 기술 일치도 높음 · 선호 역할 일치 · 활동 시간 충분,2026-06-02T04:28:00
269,193,54,66.65,60.71,100,100.0,100,0,요구 기술 일치도 높음 · 선호 역할 일치 · 활동 시간 충분,2026-06-02T04:29:00
270,225,54,66.33,35.71,100,100.0,100,0,선호 역할 일치 · 활동 시간 충분 · 관심 분야 일치,2026-06-02T04:30:00
271,257,55,69.75,84.62,100,100.0,0,0,요구 기술 일치도 높음 · 선호 역할 일치 · 활동 시간 충분,2026-06-02T04:31:00
272,95,55,69.27,53.85,100,46.67,100,100,선호 역할 일치 · 관심 분야 일치 · 협업 스타일 일치,2026-06-02T04:32:00
273,102,55,68.96,53.85,100,100.0,100,0,선호 역할 일치 · 활동 시간 충분 · 협업 스타일 일치,2026-06-02T04:33:00
274,244,55,66.24,53.85,100,93.33,100,0,선호 역할 일치 · 협업 스타일 일치,2026-06-02T04:34:00
275,196,55,65.93,69.23,100,86.67,0,100,요구 기술 일치도 높음 · 선호 역할 일치 · 팀 분위기 선호 일치,2026-06-02T04:35:00
276,238,56,75.54,53.85,100,100.0,100,100,선호 역할 일치 · 활동 시간 충분 · 관심 분야 일치,2026-06-02T04:36:00
277,141,56,71.26,69.23,100,100.0,0,100,요구 기술 일치도 높음 · 선호 역할 일치 · 활동 시간 충분,2026-06-02T04:37:00
278,64,56,70.24,76.92,100,73.33,0,0,요구 기술 일치도 높음 · 선호 역할 일치,2026-06-02T04:38:00
279,104,56,69.78,61.54,100,73.33,100,100,요구 기술 일치도 높음 · 선호 역할 일치 · 협업 스타일 일치,2026-06-02T04:39:00
280,167,56,68.39,46.15,100,100.0,100,0,선호 역할 일치 · 활동 시간 충분 · 관심 분야 일치,2026-06-02T04:40:00
281,277,57,79.34,92.31,100,100.0,0,100,요구 기술 일치도 높음 · 선호 역할 일치 · 활동 시간 충분,2026-06-02T04:41:00
282,78,57,75.28,92.31,100,100.0,0,100,요구 기술 일치도 높음 · 선호 역할 일치 · 활동 시간 충분,2026-06-02T04:42:00
283,58,57,74.53,69.23,100,100.0,0,100,요구 기술 일치도 높음 · 선호 역할 일치 · 활동 시간 충분,2026-06-02T04:43:00
284,183,57,73.64,69.23,100,100.0,100,0,요구 기술 일치도 높음 · 선호 역할 일치 · 활동 시간 충분,2026-06-02T04:44:00
285,292,57,72.68,61.54,100,100.0,0,0,요구 기술 일치도 높음 · 선호 역할 일치 · 활동 시간 충분,2026-06-02T04:45:00
286,238,58,70.99,55.0,100,60.0,100,0,선호 역할 일치 · 관심 분야 일치 · 협업 스타일 일치,2026-06-02T04:46:00
287,37,58,66.59,65.0,100,100.0,0,0,요구 기술 일치도 높음 · 선호 역할 일치 · 활동 시간 충분,2026-06-02T04:47:00
288,174,58,65.55,50.0,100,96.0,100,0,선호 역할 일치 · 관심 분야 일치 · 협업 스타일 일치,2026-06-02T04:48:00
289,166,58,63.6,45.0,100,100.0,100,0,선호 역할 일치 · 활동 시간 충분 · 협업 스타일 일치,2026-06-02T04:49:00
290,163,58,63.32,75.0,100,68.0,100,0,요구 기술 일치도 높음 · 선호 역할 일치 · 협업 스타일 일치,2026-06-02T04:50:00
291,241,59,79.93,66.67,100,100.0,0,100,요구 기술 일치도 높음 · 선호 역할 일치 · 활동 시간 충분,2026-06-02T04:51:00
292,48,59,71.71,83.33,100,100.0,0,0,요구 기술 일치도 높음 · 선호 역할 일치 · 활동 시간 충분,2026-06-02T04:52:00
293,221,59,68.91,55.56,100,100.0,100,100,선호 역할 일치 · 활동 시간 충분 · 협업 스타일 일치,2026-06-02T04:53:00
294,258,59,68.85,66.67,100,100.0,0,100,요구 기술 일치도 높음 · 선호 역할 일치 · 활동 시간 충분,2026-06-02T04:54:00
295,139,59,66.98,61.11,100,100.0,0,0,요구 기술 일치도 높음 · 선호 역할 일치 · 활동 시간 충분,2026-06-02T04:55:00
296,1,60,72.53,68.42,100,100.0,0,0,요구 기술 일치도 높음 · 선호 역할 일치 · 활동 시간 충분,2026-06-02T04:56:00
297,139,60,69.02,68.42,100,100.0,100,0,요구 기술 일치도 높음 · 선호 역할 일치 · 활동 시간 충분,2026-06-02T04:57:00
298,149,60,66.56,52.63,100,100.0,100,0,선호 역할 일치 · 활동 시간 충분 · 협업 스타일 일치,2026-06-02T04:58:00
299,269,60,66.18,52.63,100,100.0,100,0,선호 역할 일치 · 활동 시간 충분 · 협업 스타일 일치,2026-06-02T04:59:00
300,179,60,65.49,57.89,100,100.0,0,0,선호 역할 일치 · 활동 시간 충분 · 관심 분야 일치,2026-06-02T05:00:00
301,273,61,79.56,54.55,100,100.0,0,100,선호 역할 일치 · 활동 시간 충분 · 관심 분야 일치,2026-06-02T05:01:00
302,244,61,77.89,100.0,100,100.0,0,0,요구 기술 일치도 높음 · 선호 역할 일치 · 활동 시간 충분,2026-06-02T05:02:00
303,2,61,77.78,81.82,100,100.0,0,0,요구 기술 일치도 높음 · 선호 역할 일치 · 활동 시간 충분,2026-06-02T05:03:00
304,18,61,75.63,100.0,100,100.0,0,0,요구 기술 일치도 높음 · 선호 역할 일치 · 활동 시간 충분,2026-06-02T05:04:00
305,217,61,73.61,54.55,100,100.0,0,100,선호 역할 일치 · 활동 시간 충분 · 관심 분야 일치,2026-06-02T05:05:00
306,196,62,80.22,100.0,100,76.47,0,100,요구 기술 일치도 높음 · 선호 역할 일치 · 팀 분위기 선호 일치,2026-06-02T05:06:00
307,53,62,75.96,76.92,100,100.0,100,0,요구 기술 일치도 높음 · 선호 역할 일치 · 활동 시간 충분,2026-06-02T05:07:00
308,25,62,73.83,76.92,100,100.0,0,0,요구 기술 일치도 높음 · 선호 역할 일치 · 활동 시간 충분,2026-06-02T05:08:00
309,235,62,73.75,69.23,100,35.29,0,100,요구 기술 일치도 높음 · 선호 역할 일치 · 관심 분야 일치,2026-06-02T05:09:00
310,166,62,72.76,84.62,0,100.0,100,0,요구 기술 일치도 높음 · 활동 시간 충분 · 협업 스타일 일치,2026-06-02T05:10:00
311,154,63,71.0,70.0,100,100.0,100,0,요구 기술 일치도 높음 · 선호 역할 일치 · 활동 시간 충분,2026-06-02T05:11:00
312,48,63,70.26,70.0,100,100.0,100,0,요구 기술 일치도 높음 · 선호 역할 일치 · 활동 시간 충분,2026-06-02T05:12:00
313,59,63,68.87,50.0,100,100.0,100,100,선호 역할 일치 · 활동 시간 충분 · 협업 스타일 일치,2026-06-02T05:13:00
314,218,63,67.83,80.0,100,83.33,0,0,요구 기술 일치도 높음 · 선호 역할 일치,2026-06-02T05:14:00
315,96,63,67.61,60.0,100,94.44,100,0,요구 기술 일치도 높음 · 선호 역할 일치 · 협업 스타일 일치,2026-06-02T05:15:00
316,161,64,70.52,61.54,100,100.0,100,0,요구 기술 일치도 높음 · 선호 역할 일치 · 활동 시간 충분,2026-06-02T05:16:00
317,84,64,65.84,61.54,100,100.0,0,0,요구 기술 일치도 높음 · 선호 역할 일치 · 활동 시간 충분,2026-06-02T05:17:00
318,58,64,64.1,57.69,100,100.0,0,100,선호 역할 일치 · 활동 시간 충분 · 팀 분위기 선호 일치,2026-06-02T05:18:00
319,241,64,62.76,50.0,100,100.0,100,0,선호 역할 일치 · 활동 시간 충분 · 협업 스타일 일치,2026-06-02T05:19:00
320,115,64,62.62,50.0,100,91.67,0,100,선호 역할 일치 · 관심 분야 일치 · 팀 분위기 선호 일치,2026-06-02T05:20:00
321,139,65,74.45,58.33,100,100.0,100,0,선호 역할 일치 · 활동 시간 충분 · 관심 분야 일치,2026-06-02T05:21:00
322,206,65,72.74,75.0,100,100.0,100,0,요구 기술 일치도 높음 · 선호 역할 일치 · 활동 시간 충분,2026-06-02T05:22:00
323,14,65,68.76,66.67,100,100.0,100,0,요구 기술 일치도 높음 · 선호 역할 일치 · 활동 시간 충분,2026-06-02T05:23:00
324,258,65,66.59,66.67,100,100.0,100,0,요구 기술 일치도 높음 · 선호 역할 일치 · 활동 시간 충분,2026-06-02T05:24:00
325,115,65,66.55,75.0,100,100.0,0,0,요구 기술 일치도 높음 · 선호 역할 일치 · 활동 시간 충분,2026-06-02T05:25:00
326,248,66,69.82,42.11,100,100.0,0,100,선호 역할 일치 · 활동 시간 충분 · 관심 분야 일치,2026-06-02T05:26:00
327,196,66,66.67,78.95,100,54.17,0,0,요구 기술 일치도 높음 · 선호 역할 일치 · 관심 분야 일치,2026-06-02T05:27:00
328,179,66,65.69,68.42,100,100.0,0,0,요구 기술 일치도 높음 · 선호 역할 일치 · 활동 시간 충분,2026-06-02T05:28:00
329,157,66,65.12,42.11,100,100.0,0,100,선호 역할 일치 · 활동 시간 충분 · 팀 분위기 선호 일치,2026-06-02T05:29:00
330,269,66,63.51,63.16,100,100.0,0,0,요구 기술 일치도 높음 · 선호 역할 일치 · 활동 시간 충분,2026-06-02T05:30:00
331,148,67,72.68,71.43,100,100.0,0,0,요구 기술 일치도 높음 · 선호 역할 일치 · 활동 시간 충분,2026-06-02T05:31:00
332,36,67,72.52,64.29,100,100.0,0,100,요구 기술 일치도 높음 · 선호 역할 일치 · 활동 시간 충분,2026-06-02T05:32:00
333,62,67,72.46,78.57,100,75.0,100,0,요구 기술 일치도 높음 · 선호 역할 일치 · 협업 스타일 일치,2026-06-02T05:33:00
334,267,67,70.52,50.0,100,100.0,0,0,선호 역할 일치 · 활동 시간 충분 · 관심 분야 일치,2026-06-02T05:34:00
335,98,67,65.35,71.43,100,100.0,0,0,요구 기술 일치도 높음 · 선호 역할 일치 · 활동 시간 충분,2026-06-02T05:35:00
336,107,68,81.95,90.0,100,64.71,100,0,요구 기술 일치도 높음 · 선호 역할 일치 · 관심 분야 일치,2026-06-02T05:36:00
337,139,68,81.82,90.0,100,100.0,0,100,요구 기술 일치도 높음 · 선호 역할 일치 · 활동 시간 충분,2026-06-02T05:37:00
338,190,68,73.99,80.0,100,100.0,0,0,요구 기술 일치도 높음 · 선호 역할 일치 · 활동 시간 충분,2026-06-02T05:38:00
339,291,68,71.85,100.0,100,64.71,0,0,요구 기술 일치도 높음 · 선호 역할 일치,2026-06-02T05:39:00
340,5,68,69.4,90.0,100,41.18,0,0,요구 기술 일치도 높음 · 선호 역할 일치,2026-06-02T05:40:00
341,205,69,65.5,44.0,100,100.0,100,0,선호 역할 일치 · 활동 시간 충분 · 관심 분야 일치,2026-06-02T05:41:00
342,53,69,65.17,56.0,100,100.0,100,0,선호 역할 일치 · 활동 시간 충분 · 협업 스타일 일치,2026-06-02T05:42:00
343,139,69,62.21,44.0,100,100.0,0,0,선호 역할 일치 · 활동 시간 충분 · 관심 분야 일치,2026-06-02T05:43:00
344,197,69,61.97,40.0,100,100.0,100,100,선호 역할 일치 · 활동 시간 충분 · 협업 스타일 일치,2026-06-02T05:44:00
345,15,69,61.9,40.0,100,100.0,100,0,선호 역할 일치 · 활동 시간 충분 · 협업 스타일 일치,2026-06-02T05:45:00
346,109,70,74.07,59.09,100,100.0,0,100,선호 역할 일치 · 활동 시간 충분 · 관심 분야 일치,2026-06-02T05:46:00
347,89,70,68.77,50.0,100,100.0,0,0,선호 역할 일치 · 활동 시간 충분 · 관심 분야 일치,2026-06-02T05:47:00
348,287,70,68.7,68.18,100,100.0,0,0,요구 기술 일치도 높음 · 선호 역할 일치 · 활동 시간 충분,2026-06-02T05:48:00
349,232,70,68.06,50.0,100,57.14,100,0,선호 역할 일치 · 관심 분야 일치 · 협업 스타일 일치,2026-06-02T05:49:00
350,1,70,63.44,50.0,100,100.0,100,100,선호 역할 일치 · 활동 시간 충분 · 협업 스타일 일치,2026-06-02T05:50:00
351,130,71,79.02,57.14,100,100.0,100,0,선호 역할 일치 · 활동 시간 충분 · 관심 분야 일치,2026-06-02T05:51:00
352,62,71,75.06,64.29,100,100.0,100,0,요구 기술 일치도 높음 · 선호 역할 일치 · 활동 시간 충분,2026-06-02T05:52:00
353,86,71,70.6,71.43,100,100.0,0,0,요구 기술 일치도 높음 · 선호 역할 일치 · 활동 시간 충분,2026-06-02T05:53:00
354,166,71,70.02,57.14,100,100.0,100,100,선호 역할 일치 · 활동 시간 충분 · 협업 스타일 일치,2026-06-02T05:54:00
355,18,71,68.72,71.43,100,100.0,0,0,요구 기술 일치도 높음 · 선호 역할 일치 · 활동 시간 충분,2026-06-02T05:55:00
356,246,72,77.57,64.71,100,100.0,100,100,요구 기술 일치도 높음 · 선호 역할 일치 · 활동 시간 충분,2026-06-02T05:56:00
357,125,72,72.92,64.71,100,100.0,0,0,요구 기술 일치도 높음 · 선호 역할 일치 · 활동 시간 충분,2026-06-02T05:57:00
358,131,72,72.24,52.94,100,100.0,0,0,선호 역할 일치 · 활동 시간 충분 · 관심 분야 일치,2026-06-02T05:58:00
359,64,72,71.39,88.24,100,84.62,0,0,요구 기술 일치도 높음 · 선호 역할 일치 · 관심 분야 일치,2026-06-02T05:59:00
360,195,72,71.13,58.82,100,100.0,0,0,선호 역할 일치 · 활동 시간 충분 · 관심 분야 일치,2026-06-02T06:00:00
361,53,73,72.94,100.0,100,100.0,0,0,요구 기술 일치도 높음 · 선호 역할 일치 · 활동 시간 충분,2026-06-02T06:01:00
362,159,73,71.6,88.89,100,40.0,100,100,요구 기술 일치도 높음 · 선호 역할 일치 · 협업 스타일 일치,2026-06-02T06:02:00
363,221,73,70.9,55.56,100,100.0,100,100,선호 역할 일치 · 활동 시간 충분 · 협업 스타일 일치,2026-06-02T06:03:00
364,58,73,69.58,77.78,100,100.0,100,0,요구 기술 일치도 높음 · 선호 역할 일치 · 활동 시간 충분,2026-06-02T06:04:00
365,240,73,68.46,55.56,100,100.0,0,0,선호 역할 일치 · 활동 시간 충분 · 관심 분야 일치,2026-06-02T06:05:00
366,128,74,71.27,52.17,100,100.0,100,0,선호 역할 일치 · 활동 시간 충분 · 협업 스타일 일치,2026-06-02T06:06:00
367,263,74,69.09,43.48,100,100.0,0,0,선호 역할 일치 · 활동 시간 충분 · 관심 분야 일치,2026-06-02T06:07:00
368,57,74,67.05,65.22,100,100.0,100,100,요구 기술 일치도 높음 · 선호 역할 일치 · 활동 시간 충분,2026-06-02T06:08:00
369,278,74,65.83,73.91,100,100.0,0,100,요구 기술 일치도 높음 · 선호 역할 일치 · 활동 시간 충분,2026-06-02T06:09:00
370,43,74,65.43,47.83,100,100.0,100,100,선호 역할 일치 · 활동 시간 충분 · 협업 스타일 일치,2026-06-02T06:10:00
371,196,75,83.96,90.0,100,72.22,0,100,요구 기술 일치도 높음 · 선호 역할 일치 · 관심 분야 일치,2026-06-02T06:11:00
372,33,75,74.19,75.0,100,77.78,0,100,요구 기술 일치도 높음 · 선호 역할 일치 · 관심 분야 일치,2026-06-02T06:12:00
373,284,75,70.5,60.0,100,100.0,0,100,요구 기술 일치도 높음 · 선호 역할 일치 · 활동 시간 충분,2026-06-02T06:13:00
374,210,75,69.92,70.0,100,100.0,0,100,요구 기술 일치도 높음 · 선호 역할 일치 · 활동 시간 충분,2026-06-02T06:14:00
375,148,75,69.29,60.0,100,100.0,0,100,요구 기술 일치도 높음 · 선호 역할 일치 · 활동 시간 충분,2026-06-02T06:15:00
376,241,76,69.41,66.67,100,100.0,100,0,요구 기술 일치도 높음 · 선호 역할 일치 · 활동 시간 충분,2026-06-02T06:16:00
377,196,76,69.28,66.67,100,65.0,0,100,요구 기술 일치도 높음 · 선호 역할 일치 · 관심 분야 일치,2026-06-02T06:17:00
378,77,76,66.6,72.22,100,100.0,100,100,요구 기술 일치도 높음 · 선호 역할 일치 · 활동 시간 충분,2026-06-02T06:18:00
379,161,76,66.33,55.56,100,100.0,100,100,선호 역할 일치 · 활동 시간 충분 · 협업 스타일 일치,2026-06-02T06:19:00
380,163,76,65.61,72.22,100,85.0,0,100,요구 기술 일치도 높음 · 선호 역할 일치 · 팀 분위기 선호 일치,2026-06-02T06:20:00
381,195,77,80.57,61.9,100,100.0,100,100,요구 기술 일치도 높음 · 선호 역할 일치 · 활동 시간 충분,2026-06-02T06:21:00
382,258,77,70.18,66.67,100,100.0,0,0,요구 기술 일치도 높음 · 선호 역할 일치 · 활동 시간 충분,2026-06-02T06:22:00
383,287,77,67.86,57.14,100,100.0,0,0,선호 역할 일치 · 활동 시간 충분 · 관심 분야 일치,2026-06-02T06:23:00
384,193,77,65.62,52.38,100,100.0,100,0,선호 역할 일치 · 활동 시간 충분 · 관심 분야 일치,2026-06-02T06:24:00
385,281,77,64.29,57.14,100,100.0,0,0,선호 역할 일치 · 활동 시간 충분 · 관심 분야 일치,2026-06-02T06:25:00
386,131,78,79.22,93.33,100,100.0,0,100,요구 기술 일치도 높음 · 선호 역할 일치 · 활동 시간 충분,2026-06-02T06:26:00
387,53,78,71.99,73.33,100,100.0,0,100,요구 기술 일치도 높음 · 선호 역할 일치 · 활동 시간 충분,2026-06-02T06:27:00
388,134,78,71.1,60.0,100,100.0,0,0,요구 기술 일치도 높음 · 선호 역할 일치 · 활동 시간 충분,2026-06-02T06:28:00
389,281,78,70.69,73.33,100,100.0,100,0,요구 기술 일치도 높음 · 선호 역할 일치 · 활동 시간 충분,2026-06-02T06:29:00
390,273,78,70.67,73.33,100,100.0,0,0,요구 기술 일치도 높음 · 선호 역할 일치 · 활동 시간 충분,2026-06-02T06:30:00
391,241,79,69.68,69.23,100,100.0,100,0,요구 기술 일치도 높음 · 선호 역할 일치 · 활동 시간 충분,2026-06-02T06:31:00
392,9,79,69.63,46.15,100,100.0,100,100,선호 역할 일치 · 활동 시간 충분 · 협업 스타일 일치,2026-06-02T06:32:00
393,220,79,68.27,53.85,100,95.0,100,100,선호 역할 일치 · 협업 스타일 일치 · 팀 분위기 선호 일치,2026-06-02T06:33:00
394,48,79,64.34,50.0,100,95.0,0,100,선호 역할 일치 · 관심 분야 일치 · 팀 분위기 선호 일치,2026-06-02T06:34:00
395,155,79,60.82,50.0,100,100.0,0,0,선호 역할 일치 · 활동 시간 충분 · 관심 분야 일치,2026-06-02T06:35:00
396,163,80,72.04,70.59,100,73.91,0,0,요구 기술 일치도 높음 · 선호 역할 일치,2026-06-02T06:36:00
397,149,80,70.49,82.35,100,91.3,0,0,요구 기술 일치도 높음 · 선호 역할 일치,2026-06-02T06:37:00
398,17,80,69.27,58.82,100,100.0,0,0,선호 역할 일치 · 활동 시간 충분 · 관심 분야 일치,2026-06-02T06:38:00
399,64,80,68.42,88.24,100,47.83,100,0,요구 기술 일치도 높음 · 선호 역할 일치 · 관심 분야 일치,2026-06-02T06:39:00
400,5,80,67.91,76.47,100,30.43,0,100,요구 기술 일치도 높음 · 선호 역할 일치 · 팀 분위기 선호 일치,2026-06-02T06:40:00
